,product_code,warehouse,year,month,week,date,order_demand
0,0012,Whse_C,2012,1,5,2012-01-30,1000.0
1,0012,Whse_C,2012,3,9,2012-03-01,1000.0
2,0012,Whse_C,2012,3,12,2012-03-22,1000.0
3,0012,Whse_C,2012,5,21,2012-05-25,1000.0
4,0012,Whse_C,2012,7,28,2012-07-09,5000.0
5,0012,Whse_C,2012,7,30,2012-07-23,5000.0
6,0012,Whse_C,2012,7,30,2012-07-27,1000.0
7,0012,Whse_C,2012,8,33,2012-08-16,7000.0
8,0012,Whse_C,2012,8,35,2012-08-28,1000.0
9,0012,Whse_C,2012,9,37,2012-09-13,1000.0
10,0012,Whse_C,2012,9,38,2012-09-17,3000.0
11,0012,Whse_C,2012,10,41,2012-10-10,1000.0
12,0012,Whse_C,2012,10,42,2012-10-18,1000.0
13,0012,Whse_C,2012,12,49,2012-12-05,3000.0
14,0012,Whse_C,2013,1,4,2013-01-23,3000.0
15,0012,Whse_C,2013,3,10,2013-03-05,1000.0
16,0012,Whse_C,2013,3,13,2013-03-27,4000.0
17,0012,Whse_C,2013,4,15,2013-04-11,5000.0
18,0012,Whse_C,2013,5,19,2013-05-06,6000.0
19,0012,Whse_C,2013,5,22,2013-05-28,1000.0
20,0012,Whse_C,2013,7,29,2013-07-15,1000.0
21,0012,Whse_C,2013,7,29,2013-07-19,4000.0
22,0012,Whse_C,2013,7,30,2013-07-26,3000.0
23,0012,Whse_C,2013,8,32,2013-08-07,1000.0
24,0012,Whse_C,2013,8,35,2013-08-26,1000.0
25,0012,Whse_C,2013,8,35,2013-08-27,1000.0
26,0012,Whse_C,2013,9,36,2013-09-05,5000.0
27,0012,Whse_C,2013,10,41,2013-10-08,1000.0
28,0012,Whse_C,2013,10,42,2013-10-15,1000.0
29,0012,Whse_C,2013,10,42,2013-10-17,1000.0
30,0012,Whse_C,2013,11,48,2013-11-26,1000.0
31,0012,Whse_C,2013,12,49,2013-12-03,1000.0
32,0012,Whse_C,2013,12,50,2013-12-09,1000.0
33,0012,Whse_C,2013,12,50,2013-12-12,1000.0
34,0012,Whse_C,2013,12,52,2013-12-27,1000.0
35,0012,Whse_C,2014,1,1,2014-01-02,2000.0
36,0012,Whse_C,2014,1,4,2014-01-23,5000.0
37,0012,Whse_C,2014,2,7,2014-02-13,3000.0
38,0012,Whse_C,2014,3,11,2014-03-10,1000.0
39,0012,Whse_C,2014,3,11,2014-03-14,1000.0
40,0012,Whse_C,2014,4,14,2014-04-02,1000.0
41,0012,Whse_C,2014,4,16,2014-04-18,1000.0
42,0012,Whse_C,2014,5,20,2014-05-15,1000.0
43,0012,Whse_C,2014,5,22,2014-05-28,1000.0
44,0012,Whse_C,2014,6,23,2014-06-03,1000.0
45,0012,Whse_C,2014,6,23,2014-06-06,4000.0
46,0012,Whse_C,2014,6,26,2014-06-26,1000.0
47,0012,Whse_C,2014,7,28,2014-07-10,1000.0
48,0012,Whse_C,2014,7,31,2014-07-31,6000.0
49,0012,Whse_C,2014,8,32,2014-08-08,2000.0
50,0012,Whse_C,2014,8,34,2014-08-20,1000.0
51,0012,Whse_C,2014,8,35,2014-08-26,1000.0
52,0012,Whse_C,2014,9,39,2014-09-23,1000.0
53,0012,Whse_C,2014,9,39,2014-09-24,1000.0
54,0012,Whse_C,2014,10,41,2014-10-10,2000.0
55,0012,Whse_C,2014,10,42,2014-10-15,1000.0
56,0012,Whse_C,2014,11,45,2014-11-03,2000.0
57,0012,Whse_C,2014,11,48,2014-11-25,1000.0
58,0012,Whse_C,2014,12,1,2014-12-31,1000.0
59,0012,Whse_C,2015,1,3,2015-01-13,1000.0
60,0012,Whse_C,2015,1,5,2015-01-26,1000.0
61,0012,Whse_C,2015,2,6,2015-02-04,1000.0
62,0012,Whse_C,2015,2,6,2015-02-05,1000.0
63,0012,Whse_C,2015,2,7,2015-02-11,5000.0
64,0012,Whse_C,2015,3,10,2015-03-02,1000.0
65,0012,Whse_C,2015,4,18,2015-04-30,4000.0
66,0012,Whse_C,2015,5,20,2015-05-13,1000.0
67,0012,Whse_C,2015,5,21,2015-05-21,4000.0
68,0012,Whse_C,2015,6,25,2015-06-19,4000.0
69,0012,Whse_C,2015,6,26,2015-06-25,1000.0
70,0012,Whse_C,2015,6,27,2015-06-29,1000.0
71,0012,Whse_C,2015,7,29,2015-07-16,1000.0
72,0012,Whse_C,2015,7,30,2015-07-23,1000.0
73,0012,Whse_C,2015,9,36,2015-09-02,1000.0
74,0012,Whse_C,2015,9,38,2015-09-16,1000.0
75,0012,Whse_C,2015,10,42,2015-10-15,1000.0
76,0012,Whse_C,2015,10,43,2015-10-20,1000.0
77,0012,Whse_C,2015,10,43,2015-10-21,2000.0
78,0012,Whse_C,2015,11,45,2015-11-04,1000.0
79,0012,Whse_C,2015,11,46,2015-11-11,2000.0
80,0012,Whse_C,2015,11,47,2015-11-19,5000.0
81,0012,Whse_C,2015,11,48,2015-11-26,5000.0
82,0012,Whse_C,2015,12,51,2015-12-14,1000.0
83,0012,Whse_C,2015,12,51,2015-12-18,1000.0
84,0012,Whse_C,2015,12,52,2015-12-24,1000.0
85,0012,Whse_C,2015,12,53,2015-12-28,2000.0
86,0012,Whse_C,2016,1,4,2016-01-27,1000.0
87,0012,Whse_C,2016,2,8,2016-02-24,2000.0
88,0012,Whse_C,2016,3,11,2016-03-18,1000.0
89,0012,Whse_C,2016,3,13,2016-03-31,1000.0
90,0012,Whse_C,2016,4,15,2016-04-11,2000.0
91,0012,Whse_C,2016,4,17,2016-04-27,1000.0
92,0012,Whse_C,2016,5,18,2016-05-05,1000.0
93,0012,Whse_C,2016,5,19,2016-05-13,1000.0
94,0012,Whse_C,2016,6,26,2016-06-30,1000.0
95,0012,Whse_C,2016,7,27,2016-07-04,2000.0
96,0012,Whse_C,2016,7,28,2016-07-14,5000.0
97,0012,Whse_C,2016,8,35,2016-08-29,5000.0
98,0012,Whse_C,2016,8,35,2016-08-31,2000.0
99,0012,Whse_C,2016,9,39,2016-09-30,1000.0
100,0012,Whse_C,2016,10,43,2016-10-25,1000.0
101,0012,Whse_C,2016,11,45,2016-11-08,1000.0
102,0012,Whse_C,2016,11,45,2016-11-09,3000.0
103,0012,Whse_C,2016,11,48,2016-11-29,1000.0
104,0012,Whse_C,2016,11,48,2016-11-30,1000.0
1090,0033,Whse_C,2012,1,1,2012-01-03,1000.0
1091,0033,Whse_C,2012,1,2,2012-01-09,1500.0
1092,0033,Whse_C,2012,1,2,2012-01-11,1000.0
1093,0033,Whse_C,2012,1,2,2012-01-12,5000.0
1094,0033,Whse_C,2012,1,3,2012-01-16,500.0
1095,0033,Whse_C,2012,1,3,2012-01-20,6000.0
1096,0033,Whse_C,2012,1,5,2012-01-31,1000.0
1097,0033,Whse_C,2012,2,5,2012-02-03,10500.0
1098,0033,Whse_C,2012,2,7,2012-02-15,4000.0
1099,0033,Whse_C,2012,2,8,2012-02-22,10000.0
1100,0033,Whse_C,2012,2,9,2012-02-27,55000.0
1101,0033,Whse_C,2012,2,9,2012-02-29,2000.0
1102,0033,Whse_C,2012,3,11,2012-03-12,2000.0
1103,0033,Whse_C,2012,3,12,2012-03-19,7000.0
1104,0033,Whse_C,2012,3,12,2012-03-20,2000.0
1105,0033,Whse_C,2012,3,12,2012-03-22,1000.0
1106,0033,Whse_C,2012,4,14,2012-04-05,7000.0
1107,0033,Whse_C,2012,4,15,2012-04-09,500.0
1108,0033,Whse_C,2012,4,15,2012-04-13,2000.0
1109,0033,Whse_C,2012,4,16,2012-04-19,1000.0
1110,0033,Whse_C,2012,5,18,2012-05-04,2000.0
1111,0033,Whse_C,2012,5,21,2012-05-23,2000.0
1112,0033,Whse_C,2012,5,22,2012-05-28,6000.0
1113,0033,Whse_C,2012,5,22,2012-05-30,8000.0
1114,0033,Whse_C,2012,6,24,2012-06-11,2000.0
1115,0033,Whse_C,2012,6,25,2012-06-18,4000.0
1116,0033,Whse_C,2012,6,25,2012-06-20,3000.0
1117,0033,Whse_C,2012,6,26,2012-06-28,500.0
1118,0033,Whse_C,2012,7,27,2012-07-03,1500.0
1119,0033,Whse_C,2012,7,28,2012-07-09,7000.0
1120,0033,Whse_C,2012,7,28,2012-07-11,5500.0
1121,0033,Whse_C,2012,7,29,2012-07-16,2500.0
1122,0033,Whse_C,2012,7,29,2012-07-18,1000.0
1123,0033,Whse_C,2012,7,29,2012-07-20,2000.0
1124,0033,Whse_C,2012,7,30,2012-07-27,2000.0
1125,0033,Whse_C,2012,7,31,2012-07-30,500.0
1126,0033,Whse_C,2012,8,32,2012-08-06,500.0
1127,0033,Whse_C,2012,8,32,2012-08-07,5000.0
1128,0033,Whse_C,2012,8,33,2012-08-13,1500.0
1129,0033,Whse_C,2012,8,33,2012-08-15,10000.0
1130,0033,Whse_C,2012,8,33,2012-08-16,4000.0
1131,0033,Whse_C,2012,8,34,2012-08-24,3000.0
1132,0033,Whse_C,2012,8,35,2012-08-28,3000.0
1133,0033,Whse_C,2012,9,36,2012-09-05,8000.0
1134,0033,Whse_C,2012,9,38,2012-09-17,1000.0
1135,0033,Whse_C,2012,9,38,2012-09-18,2500.0
1136,0033,Whse_C,2012,9,39,2012-09-27,5500.0
1137,0033,Whse_C,2012,9,39,2012-09-28,6000.0
1138,0033,Whse_C,2012,10,41,2012-10-08,3000.0
1139,0033,Whse_C,2012,10,42,2012-10-16,1000.0
1140,0033,Whse_C,2012,10,43,2012-10-24,1000.0
1141,0033,Whse_C,2012,10,44,2012-10-30,6000.0
1142,0033,Whse_C,2012,11,45,2012-11-05,500.0
1143,0033,Whse_C,2012,11,47,2012-11-23,10000.0
1145,0033,Whse_C,2012,12,49,2012-12-03,10000.0
1146,0033,Whse_C,2012,12,50,2012-12-10,9000.0
1147,0033,Whse_C,2012,12,51,2012-12-19,2000.0
1148,0033,Whse_C,2012,12,52,2012-12-28,6000.0
1144,0033,Whse_C,2012,12,1,2012-12-31,500.0
1149,0033,Whse_C,2013,1,2,2013-01-07,10000.0
1150,0033,Whse_C,2013,1,3,2013-01-17,1000.0
1151,0033,Whse_C,2013,2,5,2013-02-01,1000.0
1152,0033,Whse_C,2013,2,6,2013-02-04,10000.0
1153,0033,Whse_C,2013,2,6,2013-02-06,1000.0
1154,0033,Whse_C,2013,2,6,2013-02-07,10000.0
1155,0033,Whse_C,2013,2,6,2013-02-08,2000.0
1156,0033,Whse_C,2013,2,9,2013-02-25,6000.0
1157,0033,Whse_C,2013,3,10,2013-03-04,1000.0
1158,0033,Whse_C,2013,3,11,2013-03-11,1500.0
1159,0033,Whse_C,2013,3,11,2013-03-15,500.0
1160,0033,Whse_C,2013,3,12,2013-03-20,1500.0
1161,0033,Whse_C,2013,3,13,2013-03-25,11000.0
1162,0033,Whse_C,2013,4,14,2013-04-03,1500.0
1163,0033,Whse_C,2013,4,15,2013-04-09,5000.0
1164,0033,Whse_C,2013,4,16,2013-04-15,500.0
1165,0033,Whse_C,2013,4,17,2013-04-22,1000.0
1166,0033,Whse_C,2013,4,17,2013-04-26,500.0
1167,0033,Whse_C,2013,5,19,2013-05-07,10500.0
1168,0033,Whse_C,2013,5,19,2013-05-08,1000.0
1169,0033,Whse_C,2013,5,19,2013-05-09,5000.0
1170,0033,Whse_C,2013,5,20,2013-05-13,500.0
1171,0033,Whse_C,2013,5,20,2013-05-15,22000.0
1172,0033,Whse_C,2013,5,20,2013-05-17,2000.0
1173,0033,Whse_C,2013,5,21,2013-05-24,1000.0
1174,0033,Whse_C,2013,5,22,2013-05-30,1000.0
1175,0033,Whse_C,2013,6,23,2013-06-07,4000.0
1176,0033,Whse_C,2013,6,25,2013-06-17,2000.0
1177,0033,Whse_C,2013,6,25,2013-06-18,500.0
1178,0033,Whse_C,2013,6,26,2013-06-24,5000.0
1179,0033,Whse_C,2013,7,27,2013-07-02,11500.0
1180,0033,Whse_C,2013,7,28,2013-07-10,4000.0
1181,0033,Whse_C,2013,7,30,2013-07-26,4000.0
1182,0033,Whse_C,2013,7,31,2013-07-31,3000.0
1183,0033,Whse_C,2013,8,31,2013-08-02,1500.0
1184,0033,Whse_C,2013,8,32,2013-08-09,1000.0
1185,0033,Whse_C,2013,8,33,2013-08-13,5500.0
1186,0033,Whse_C,2013,8,33,2013-08-16,1500.0
1187,0033,Whse_C,2013,8,35,2013-08-27,3000.0
1188,0033,Whse_C,2013,9,37,2013-09-09,18500.0
1189,0033,Whse_C,2013,9,37,2013-09-11,1500.0
1190,0033,Whse_C,2013,9,37,2013-09-13,4000.0
1191,0033,Whse_C,2013,9,38,2013-09-20,5000.0
1192,0033,Whse_C,2013,9,39,2013-09-23,10000.0
1193,0033,Whse_C,2013,9,39,2013-09-25,3000.0
1194,0033,Whse_C,2013,9,39,2013-09-27,500.0
1195,0033,Whse_C,2013,9,40,2013-09-30,10500.0
1196,0033,Whse_C,2013,10,41,2013-10-08,500.0
1197,0033,Whse_C,2013,10,42,2013-10-18,1500.0
1198,0033,Whse_C,2013,10,43,2013-10-23,4000.0
1199,0033,Whse_C,2013,11,45,2013-11-04,8000.0
1200,0033,Whse_C,2013,11,45,2013-11-07,1000.0
1201,0033,Whse_C,2013,11,46,2013-11-14,5000.0
1202,0033,Whse_C,2013,11,47,2013-11-20,2000.0
1203,0033,Whse_C,2013,11,48,2013-11-25,1000.0
1204,0033,Whse_C,2013,11,48,2013-11-29,500.0
1206,0033,Whse_C,2013,12,49,2013-12-06,500.0
1207,0033,Whse_C,2013,12,50,2013-12-12,2000.0
1208,0033,Whse_C,2013,12,50,2013-12-13,6000.0
1209,0033,Whse_C,2013,12,51,2013-12-16,12500.0
1205,0033,Whse_C,2013,12,1,2013-12-30,500.0
1210,0033,Whse_C,2014,1,1,2014-01-02,17000.0
1211,0033,Whse_C,2014,1,2,2014-01-06,4000.0
1212,0033,Whse_C,2014,1,3,2014-01-15,5000.0
1213,0033,Whse_C,2014,1,3,2014-01-17,10000.0
1214,0033,Whse_C,2014,1,4,2014-01-23,4500.0
1215,0033,Whse_C,2014,2,7,2014-02-10,500.0
1216,0033,Whse_C,2014,2,7,2014-02-13,20000.0
1217,0033,Whse_C,2014,2,8,2014-02-17,1500.0
1218,0033,Whse_C,2014,2,8,2014-02-19,1000.0
1219,0033,Whse_C,2014,3,10,2014-03-04,2000.0
1220,0033,Whse_C,2014,3,10,2014-03-05,20000.0
1221,0033,Whse_C,2014,3,10,2014-03-06,1000.0
1222,0033,Whse_C,2014,3,12,2014-03-20,2000.0
1223,0033,Whse_C,2014,3,13,2014-03-27,3000.0
1224,0033,Whse_C,2014,4,16,2014-04-14,3000.0
1225,0033,Whse_C,2014,4,16,2014-04-16,3000.0
1226,0033,Whse_C,2014,4,17,2014-04-24,5000.0
1227,0033,Whse_C,2014,4,18,2014-04-29,10000.0
1228,0033,Whse_C,2014,4,18,2014-04-30,3000.0
1229,0033,Whse_C,2014,5,19,2014-05-09,1000.0
1230,0033,Whse_C,2014,5,22,2014-05-26,6500.0
1231,0033,Whse_C,2014,5,22,2014-05-27,6000.0
1232,0033,Whse_C,2014,6,23,2014-06-03,500.0
1233,0033,Whse_C,2014,6,23,2014-06-05,1000.0
1234,0033,Whse_C,2014,6,25,2014-06-19,5000.0
1235,0033,Whse_C,2014,6,26,2014-06-24,3000.0
1236,0033,Whse_C,2014,6,26,2014-06-26,4500.0
1237,0033,Whse_C,2014,6,27,2014-06-30,5000.0
1238,0033,Whse_C,2014,7,28,2014-07-10,11500.0
1239,0033,Whse_C,2014,7,31,2014-07-29,10000.0
1240,0033,Whse_C,2014,8,32,2014-08-08,2000.0
1241,0033,Whse_C,2014,8,33,2014-08-12,500.0
1242,0033,Whse_C,2014,8,34,2014-08-21,7000.0
1243,0033,Whse_C,2014,8,35,2014-08-26,2500.0
1244,0033,Whse_C,2014,8,35,2014-08-27,1000.0
1245,0033,Whse_C,2014,9,36,2014-09-01,3000.0
1246,0033,Whse_C,2014,9,36,2014-09-04,6000.0
1247,0033,Whse_C,2014,9,36,2014-09-05,1500.0
1248,0033,Whse_C,2014,9,38,2014-09-16,13500.0
1249,0033,Whse_C,2014,10,42,2014-10-17,5000.0
1250,0033,Whse_C,2014,10,43,2014-10-20,11000.0
1251,0033,Whse_C,2014,10,43,2014-10-23,5000.0
1252,0033,Whse_C,2014,11,48,2014-11-25,3000.0
1253,0033,Whse_C,2014,11,48,2014-11-26,2000.0
1256,0033,Whse_C,2014,12,49,2014-12-04,5500.0
1257,0033,Whse_C,2014,12,50,2014-12-08,10000.0
1258,0033,Whse_C,2014,12,50,2014-12-12,3000.0
1259,0033,Whse_C,2014,12,51,2014-12-16,8000.0
1260,0033,Whse_C,2014,12,52,2014-12-24,3000.0
1254,0033,Whse_C,2014,12,1,2014-12-29,10000.0
1255,0033,Whse_C,2014,12,1,2014-12-31,5000.0
1261,0033,Whse_C,2015,1,2,2015-01-06,1000.0
1262,0033,Whse_C,2015,1,2,2015-01-07,3000.0
1263,0033,Whse_C,2015,1,4,2015-01-21,1000.0
1264,0033,Whse_C,2015,1,5,2015-01-26,500.0
1265,0033,Whse_C,2015,1,5,2015-01-30,5000.0
1266,0033,Whse_C,2015,2,6,2015-02-06,3000.0
1267,0033,Whse_C,2015,2,7,2015-02-10,3000.0
1268,0033,Whse_C,2015,2,7,2015-02-11,5000.0
1269,0033,Whse_C,2015,3,10,2015-03-06,2000.0
1270,0033,Whse_C,2015,3,11,2015-03-11,6500.0
1271,0033,Whse_C,2015,3,12,2015-03-19,1000.0
1272,0033,Whse_C,2015,3,12,2015-03-20,4000.0
1273,0033,Whse_C,2015,3,13,2015-03-23,4500.0
1274,0033,Whse_C,2015,4,15,2015-04-10,2000.0
1275,0033,Whse_C,2015,4,17,2015-04-22,4000.0
1276,0033,Whse_C,2015,4,17,2015-04-23,8000.0
1277,0033,Whse_C,2015,5,19,2015-05-07,1500.0
1278,0033,Whse_C,2015,6,23,2015-06-05,1000.0
1279,0033,Whse_C,2015,7,29,2015-07-15,2000.0
1280,0033,Whse_C,2015,7,29,2015-07-16,10000.0
1281,0033,Whse_C,2015,7,30,2015-07-22,9000.0
1282,0033,Whse_C,2015,7,31,2015-07-28,3000.0
1283,0033,Whse_C,2015,7,31,2015-07-30,10000.0
1284,0033,Whse_C,2015,8,32,2015-08-04,500.0
1285,0033,Whse_C,2015,8,33,2015-08-11,8000.0
1286,0033,Whse_C,2015,8,33,2015-08-14,3000.0
1287,0033,Whse_C,2015,8,34,2015-08-21,3000.0
1288,0033,Whse_C,2015,8,35,2015-08-28,2000.0
1289,0033,Whse_C,2015,8,36,2015-08-31,2000.0
1290,0033,Whse_C,2015,9,37,2015-09-09,1000.0
1291,0033,Whse_C,2015,9,38,2015-09-16,500.0
1292,0033,Whse_C,2015,9,38,2015-09-18,5000.0
1293,0033,Whse_C,2015,9,39,2015-09-24,3000.0
1294,0033,Whse_C,2015,10,44,2015-10-27,500.0
1295,0033,Whse_C,2015,10,44,2015-10-28,1000.0
1296,0033,Whse_C,2015,11,46,2015-11-09,10000.0
1297,0033,Whse_C,2015,11,48,2015-11-23,7000.0
1298,0033,Whse_C,2015,12,53,2015-12-28,1000.0
1299,0033,Whse_C,2016,1,1,2016-01-04,12500.0
1300,0033,Whse_C,2016,1,3,2016-01-18,500.0
1301,0033,Whse_C,2016,1,3,2016-01-20,13000.0
1302,0033,Whse_C,2016,1,4,2016-01-27,18000.0
1303,0033,Whse_C,2016,2,8,2016-02-23,10000.0
1304,0033,Whse_C,2016,2,8,2016-02-26,4000.0
1305,0033,Whse_C,2016,3,11,2016-03-17,7500.0
1306,0033,Whse_C,2016,3,11,2016-03-18,1500.0
1307,0033,Whse_C,2016,3,12,2016-03-24,1000.0
1308,0033,Whse_C,2016,4,13,2016-04-01,2000.0
1309,0033,Whse_C,2016,4,14,2016-04-07,1000.0
1310,0033,Whse_C,2016,4,14,2016-04-08,5000.0
1311,0033,Whse_C,2016,4,16,2016-04-18,79000.0
1312,0033,Whse_C,2016,4,17,2016-04-27,3500.0
1313,0033,Whse_C,2016,4,17,2016-04-29,500.0
1314,0033,Whse_C,2016,5,18,2016-05-05,2000.0
1315,0033,Whse_C,2016,5,18,2016-05-06,2000.0
1316,0033,Whse_C,2016,5,19,2016-05-13,500.0
1317,0033,Whse_C,2016,5,21,2016-05-23,5000.0
1318,0033,Whse_C,2016,5,21,2016-05-27,500.0
1319,0033,Whse_C,2016,6,22,2016-06-01,500.0
1320,0033,Whse_C,2016,6,23,2016-06-08,10000.0
1321,0033,Whse_C,2016,6,23,2016-06-10,500.0
1322,0033,Whse_C,2016,6,25,2016-06-20,500.0
1323,0033,Whse_C,2016,6,25,2016-06-21,1500.0
1324,0033,Whse_C,2016,6,26,2016-06-27,3500.0
1325,0033,Whse_C,2016,6,26,2016-06-30,3500.0
1326,0033,Whse_C,2016,7,27,2016-07-04,500.0
1327,0033,Whse_C,2016,7,28,2016-07-12,500.0
1328,0033,Whse_C,2016,8,31,2016-08-05,1500.0
1329,0033,Whse_C,2016,8,32,2016-08-08,1500.0
1330,0033,Whse_C,2016,8,32,2016-08-11,16000.0
1331,0033,Whse_C,2016,8,33,2016-08-18,12000.0
1332,0033,Whse_C,2016,8,35,2016-08-31,3000.0
1333,0033,Whse_C,2016,9,36,2016-09-05,1500.0
1334,0033,Whse_C,2016,9,36,2016-09-06,3000.0
1335,0033,Whse_C,2016,9,37,2016-09-12,3000.0
1336,0033,Whse_C,2016,9,37,2016-09-13,500.0
1337,0033,Whse_C,2016,9,38,2016-09-21,1000.0
1338,0033,Whse_C,2016,9,39,2016-09-30,3000.0
1339,0033,Whse_C,2016,10,41,2016-10-14,20000.0
1340,0033,Whse_C,2016,10,43,2016-10-27,2500.0
1341,0033,Whse_C,2016,10,43,2016-10-28,10000.0
1342,0033,Whse_C,2016,11,44,2016-11-01,500.0
1343,0033,Whse_C,2016,11,44,2016-11-04,3000.0
1344,0033,Whse_C,2016,11,45,2016-11-08,2500.0
1345,0033,Whse_C,2016,11,45,2016-11-09,500.0
1346,0033,Whse_C,2016,11,45,2016-11-11,500.0
1347,0033,Whse_C,2016,11,46,2016-11-15,5000.0
1348,0033,Whse_C,2016,11,47,2016-11-23,5500.0
1349,0033,Whse_C,2016,12,50,2016-12-12,6000.0
1350,0033,Whse_C,2016,12,50,2016-12-14,1000.0
1351,0033,Whse_C,2016,12,51,2016-12-19,3000.0
3155,0036,Whse_C,2012,3,10,2012-03-07,500.0
3156,0036,Whse_C,2012,4,17,2012-04-25,500.0
3157,0036,Whse_C,2012,5,21,2012-05-24,1000.0
3158,0036,Whse_C,2012,6,24,2012-06-14,500.0
3159,0036,Whse_C,2012,7,29,2012-07-18,500.0
3160,0036,Whse_C,2012,7,30,2012-07-27,2000.0
3161,0036,Whse_C,2012,10,43,2012-10-24,500.0
3162,0036,Whse_C,2013,2,6,2013-02-05,500.0
3163,0036,Whse_C,2013,3,13,2013-03-29,1000.0
3164,0036,Whse_C,2013,9,40,2013-09-30,1000.0
3165,0036,Whse_C,2014,2,9,2014-02-26,5000.0
3166,0036,Whse_C,2014,4,16,2014-04-14,1000.0
3167,0036,Whse_C,2014,6,23,2014-06-05,1000.0
3168,0036,Whse_C,2014,7,29,2014-07-15,500.0
3169,0036,Whse_C,2014,10,43,2014-10-21,2000.0
3170,0036,Whse_C,2014,10,44,2014-10-28,2000.0
3171,0036,Whse_C,2014,12,49,2014-12-03,500.0
3172,0036,Whse_C,2014,12,49,2014-12-04,1500.0
3173,0036,Whse_C,2014,12,51,2014-12-17,500.0
3174,0036,Whse_C,2015,2,7,2015-02-09,3500.0
3175,0036,Whse_C,2015,3,13,2015-03-27,500.0
3176,0036,Whse_C,2015,5,20,2015-05-13,1000.0
3177,0036,Whse_C,2015,7,31,2015-07-28,500.0
3178,0036,Whse_C,2015,8,33,2015-08-12,1000.0
3179,0036,Whse_C,2015,9,39,2015-09-24,1000.0
3180,0036,Whse_C,2015,11,47,2015-11-16,2000.0
3181,0036,Whse_C,2015,12,50,2015-12-09,3000.0
3182,0036,Whse_C,2016,1,2,2016-01-15,500.0
3183,0036,Whse_C,2016,1,4,2016-01-27,1000.0
3184,0036,Whse_C,2016,5,19,2016-05-12,1000.0
3185,0036,Whse_C,2016,6,23,2016-06-06,1000.0
3186,0036,Whse_C,2016,6,23,2016-06-08,500.0
3187,0036,Whse_C,2016,6,25,2016-06-21,1000.0
3188,0036,Whse_C,2016,6,26,2016-06-27,1000.0
3189,0036,Whse_C,2016,7,28,2016-07-12,1000.0
3190,0036,Whse_C,2016,9,36,2016-09-08,1000.0
3191,0036,Whse_C,2016,10,41,2016-10-10,1500.0
3192,0036,Whse_C,2016,10,43,2016-10-26,500.0
3193,0036,Whse_C,2016,11,45,2016-11-11,500.0
3194,0036,Whse_C,2016,12,49,2016-12-05,500.0
3195,0036,Whse_C,2016,12,49,2016-12-07,500.0
3196,0036,Whse_C,2016,12,50,2016-12-15,1000.0
3800,0038,Whse_C,2012,1,3,2012-01-16,500.0
3801,0038,Whse_C,2012,1,3,2012-01-20,500.0
3802,0038,Whse_C,2012,2,5,2012-02-03,2000.0
3803,0038,Whse_C,2012,2,8,2012-02-24,500.0
3804,0038,Whse_C,2012,3,10,2012-03-06,2000.0
3805,0038,Whse_C,2012,4,16,2012-04-20,500.0
3806,0038,Whse_C,2012,6,23,2012-06-08,500.0
3807,0038,Whse_C,2012,6,25,2012-06-22,500.0
3808,0038,Whse_C,2012,7,29,2012-07-20,500.0
3809,0038,Whse_C,2012,8,34,2012-08-23,500.0
3810,0038,Whse_C,2012,8,35,2012-08-29,500.0
3811,0038,Whse_C,2012,10,41,2012-10-08,2000.0
3812,0038,Whse_C,2012,10,43,2012-10-24,500.0
3813,0038,Whse_C,2012,11,47,2012-11-19,5000.0
3814,0038,Whse_C,2012,12,50,2012-12-10,7000.0
3815,0038,Whse_C,2012,12,50,2012-12-13,1000.0
3816,0038,Whse_C,2013,1,3,2013-01-14,1000.0
3817,0038,Whse_C,2013,1,3,2013-01-16,500.0
3818,0038,Whse_C,2013,2,5,2013-02-01,1000.0
3819,0038,Whse_C,2013,3,11,2013-03-11,1000.0
3820,0038,Whse_C,2013,4,16,2013-04-19,1000.0
3821,0038,Whse_C,2013,6,24,2013-06-14,3000.0
3822,0038,Whse_C,2013,6,25,2013-06-21,1000.0
3823,0038,Whse_C,2013,7,28,2013-07-10,2000.0
3824,0038,Whse_C,2013,7,29,2013-07-15,2000.0
3825,0038,Whse_C,2013,7,31,2013-07-31,1000.0
3826,0038,Whse_C,2013,8,35,2013-08-29,3000.0
3827,0038,Whse_C,2013,9,36,2013-09-04,5000.0
3828,0038,Whse_C,2013,9,38,2013-09-20,2000.0
3829,0038,Whse_C,2013,10,42,2013-10-17,10000.0
3830,0038,Whse_C,2013,11,44,2013-11-01,500.0
3831,0038,Whse_C,2013,11,46,2013-11-12,3000.0
3832,0038,Whse_C,2013,11,47,2013-11-19,2000.0
3833,0038,Whse_C,2013,12,51,2013-12-18,3000.0
3834,0038,Whse_C,2014,1,4,2014-01-22,8000.0
3835,0038,Whse_C,2014,2,7,2014-02-14,4000.0
3836,0038,Whse_C,2014,2,9,2014-02-24,4000.0
3837,0038,Whse_C,2014,3,13,2014-03-28,1000.0
3838,0038,Whse_C,2014,4,14,2014-04-02,3000.0
3839,0038,Whse_C,2014,4,15,2014-04-08,2000.0
3840,0038,Whse_C,2014,5,22,2014-05-28,3000.0
3841,0038,Whse_C,2014,6,25,2014-06-20,4000.0
3842,0038,Whse_C,2014,7,29,2014-07-14,7000.0
3843,0038,Whse_C,2014,7,29,2014-07-17,2000.0
3844,0038,Whse_C,2014,8,32,2014-08-08,500.0
3845,0038,Whse_C,2014,8,35,2014-08-27,3000.0
3846,0038,Whse_C,2014,9,36,2014-09-04,2000.0
3847,0038,Whse_C,2014,9,37,2014-09-12,1500.0
3848,0038,Whse_C,2014,9,38,2014-09-17,15000.0
3849,0038,Whse_C,2014,11,47,2014-11-20,1500.0
3850,0038,Whse_C,2014,11,48,2014-11-25,2000.0
3852,0038,Whse_C,2014,12,49,2014-12-03,500.0
3853,0038,Whse_C,2014,12,52,2014-12-25,4000.0
3851,0038,Whse_C,2014,12,1,2014-12-30,500.0
3854,0038,Whse_C,2015,1,3,2015-01-13,15000.0
3855,0038,Whse_C,2015,1,3,2015-01-14,2000.0
3856,0038,Whse_C,2015,1,5,2015-01-29,10500.0
3857,0038,Whse_C,2015,2,7,2015-02-11,2000.0
3858,0038,Whse_C,2015,2,7,2015-02-12,500.0
3859,0038,Whse_C,2015,3,12,2015-03-17,2000.0
3860,0038,Whse_C,2015,4,15,2015-04-09,2000.0
3861,0038,Whse_C,2015,4,16,2015-04-14,1000.0
3862,0038,Whse_C,2015,4,17,2015-04-23,1000.0
3863,0038,Whse_C,2015,5,19,2015-05-08,1500.0
3864,0038,Whse_C,2015,5,20,2015-05-15,5000.0
3865,0038,Whse_C,2015,6,24,2015-06-09,3000.0
3866,0038,Whse_C,2015,6,25,2015-06-17,3000.0
3867,0038,Whse_C,2015,6,27,2015-06-29,500.0
3868,0038,Whse_C,2015,7,28,2015-07-10,6500.0
3869,0038,Whse_C,2015,7,30,2015-07-20,1500.0
3870,0038,Whse_C,2015,7,31,2015-07-28,8000.0
3871,0038,Whse_C,2015,8,32,2015-08-05,2000.0
3872,0038,Whse_C,2015,8,32,2015-08-06,1500.0
3873,0038,Whse_C,2015,8,36,2015-08-31,2000.0
3874,0038,Whse_C,2015,9,37,2015-09-08,2000.0
3875,0038,Whse_C,2015,9,38,2015-09-14,50000.0
3876,0038,Whse_C,2015,9,39,2015-09-24,12000.0
3877,0038,Whse_C,2015,10,44,2015-10-27,2000.0
3878,0038,Whse_C,2015,10,44,2015-10-29,1000.0
3879,0038,Whse_C,2015,10,44,2015-10-30,5000.0
3880,0038,Whse_C,2015,11,45,2015-11-02,2000.0
3881,0038,Whse_C,2015,11,45,2015-11-04,5000.0
3882,0038,Whse_C,2015,11,46,2015-11-12,500.0
3883,0038,Whse_C,2015,11,47,2015-11-19,2500.0
3884,0038,Whse_C,2015,11,47,2015-11-20,1000.0
3885,0038,Whse_C,2015,11,49,2015-11-30,1000.0
3886,0038,Whse_C,2015,12,49,2015-12-03,500.0
3887,0038,Whse_C,2015,12,50,2015-12-10,4500.0
3888,0038,Whse_C,2015,12,51,2015-12-16,10000.0
3889,0038,Whse_C,2015,12,52,2015-12-24,2000.0
3890,0038,Whse_C,2015,12,53,2015-12-29,500.0
3891,0038,Whse_C,2015,12,53,2015-12-31,3000.0
3892,0038,Whse_C,2016,1,2,2016-01-15,3000.0
3893,0038,Whse_C,2016,1,3,2016-01-18,1000.0
3894,0038,Whse_C,2016,1,3,2016-01-19,5000.0
3895,0038,Whse_C,2016,1,3,2016-01-20,3000.0
3896,0038,Whse_C,2016,2,5,2016-02-03,15000.0
3897,0038,Whse_C,2016,2,7,2016-02-18,2000.0
3898,0038,Whse_C,2016,2,7,2016-02-19,2000.0
3899,0038,Whse_C,2016,3,9,2016-03-03,1000.0
3900,0038,Whse_C,2016,3,10,2016-03-09,3000.0
3901,0038,Whse_C,2016,3,11,2016-03-18,3000.0
3902,0038,Whse_C,2016,3,12,2016-03-22,2000.0
3903,0038,Whse_C,2016,3,12,2016-03-25,500.0
3904,0038,Whse_C,2016,4,14,2016-04-07,5000.0
3905,0038,Whse_C,2016,4,15,2016-04-11,1000.0
3906,0038,Whse_C,2016,4,15,2016-04-13,2000.0
3907,0038,Whse_C,2016,4,15,2016-04-15,1000.0
3908,0038,Whse_C,2016,4,16,2016-04-22,3000.0
3909,0038,Whse_C,2016,5,18,2016-05-06,1000.0
3910,0038,Whse_C,2016,5,20,2016-05-16,3000.0
3911,0038,Whse_C,2016,5,21,2016-05-27,3000.0
3912,0038,Whse_C,2016,6,22,2016-06-01,4000.0
3913,0038,Whse_C,2016,6,24,2016-06-17,3000.0
3914,0038,Whse_C,2016,6,26,2016-06-30,3000.0
3915,0038,Whse_C,2016,7,27,2016-07-04,7000.0
3916,0038,Whse_C,2016,7,29,2016-07-20,2000.0
3917,0038,Whse_C,2016,7,30,2016-07-26,2000.0
3918,0038,Whse_C,2016,8,32,2016-08-08,2000.0
3919,0038,Whse_C,2016,8,33,2016-08-19,5000.0
3920,0038,Whse_C,2016,8,34,2016-08-26,500.0
3921,0038,Whse_C,2016,9,35,2016-09-01,3500.0
3922,0038,Whse_C,2016,9,37,2016-09-14,3000.0
3923,0038,Whse_C,2016,10,40,2016-10-08,1000.0
3924,0038,Whse_C,2016,10,41,2016-10-10,3000.0
3925,0038,Whse_C,2016,10,41,2016-10-14,1000.0
3926,0038,Whse_C,2016,10,42,2016-10-18,2000.0
3927,0038,Whse_C,2016,10,42,2016-10-20,1000.0
3928,0038,Whse_C,2016,11,44,2016-11-02,1000.0
3929,0038,Whse_C,2016,11,46,2016-11-15,2000.0
3930,0038,Whse_C,2016,11,46,2016-11-16,500.0
3931,0038,Whse_C,2016,11,46,2016-11-17,1000.0
3932,0038,Whse_C,2016,11,47,2016-11-21,5000.0
3933,0038,Whse_C,2016,12,48,2016-12-01,2000.0
3934,0038,Whse_C,2016,12,49,2016-12-05,1000.0
3935,0038,Whse_C,2016,12,49,2016-12-09,4000.0
3936,0038,Whse_C,2016,12,50,2016-12-15,1500.0
3937,0071,Whse_C,2012,1,2,2012-01-09,109000.0
3938,0071,Whse_C,2012,2,5,2012-02-02,10000.0
3939,0071,Whse_C,2012,4,15,2012-04-09,1000.0
3940,0071,Whse_C,2012,4,16,2012-04-18,5000.0
3941,0071,Whse_C,2012,5,19,2012-05-11,20000.0
3942,0071,Whse_C,2012,5,21,2012-05-24,80000.0
3943,0071,Whse_C,2012,6,26,2012-06-26,90000.0
3944,0071,Whse_C,2012,7,27,2012-07-06,1000.0
3945,0071,Whse_C,2012,7,28,2012-07-09,1000.0
3946,0071,Whse_C,2012,8,34,2012-08-21,1000.0
3947,0071,Whse_C,2012,8,35,2012-08-30,49000.0
3948,0071,Whse_C,2012,10,43,2012-10-28,12000.0
3949,0071,Whse_C,2012,11,44,2012-11-04,30000.0
3950,0071,Whse_C,2012,11,45,2012-11-07,1000.0
3951,0071,Whse_C,2013,1,4,2013-01-21,20000.0
3952,0071,Whse_C,2013,1,4,2013-01-25,20000.0
3953,0071,Whse_C,2013,2,6,2013-02-04,20000.0
3954,0071,Whse_C,2013,3,13,2013-03-26,20000.0
3955,0071,Whse_C,2013,3,13,2013-03-28,4000.0
3956,0071,Whse_C,2013,4,15,2013-04-09,60000.0
3957,0071,Whse_C,2013,4,17,2013-04-22,23000.0
3958,0071,Whse_C,2013,5,19,2013-05-07,40000.0
3959,0071,Whse_C,2013,5,20,2013-05-15,30000.0
3960,0071,Whse_C,2013,6,23,2013-06-03,30000.0
3961,0071,Whse_C,2013,6,25,2013-06-17,15000.0
3962,0071,Whse_C,2013,8,33,2013-08-14,77000.0
3963,0071,Whse_C,2013,9,36,2013-09-03,29000.0
3964,0071,Whse_C,2013,9,36,2013-09-05,1000.0
3965,0071,Whse_C,2013,9,36,2013-09-06,20000.0
3966,0071,Whse_C,2013,9,38,2013-09-20,3000.0
3967,0071,Whse_C,2013,9,40,2013-09-30,42000.0
3968,0071,Whse_C,2013,10,42,2013-10-18,30000.0
3969,0071,Whse_C,2014,1,2,2014-01-07,80000.0
3970,0071,Whse_C,2014,1,4,2014-01-24,5000.0
3971,0071,Whse_C,2014,2,6,2014-02-07,6000.0
3972,0071,Whse_C,2014,4,16,2014-04-14,61000.0
3973,0071,Whse_C,2014,4,16,2014-04-16,20000.0
3974,0071,Whse_C,2014,4,18,2014-04-29,5000.0
3975,0071,Whse_C,2014,4,18,2014-04-30,6000.0
3976,0071,Whse_C,2014,5,19,2014-05-09,20000.0
3977,0071,Whse_C,2014,5,20,2014-05-12,20000.0
3978,0071,Whse_C,2014,5,20,2014-05-14,1000.0
3979,0071,Whse_C,2014,5,22,2014-05-29,40000.0
3980,0071,Whse_C,2014,6,25,2014-06-17,73000.0
3981,0071,Whse_C,2014,6,26,2014-06-26,10000.0
3982,0071,Whse_C,2014,7,29,2014-07-15,30000.0
3983,0071,Whse_C,2014,7,30,2014-07-22,30000.0
3984,0071,Whse_C,2014,8,32,2014-08-08,73000.0
3985,0071,Whse_C,2014,8,33,2014-08-13,1000.0
3986,0071,Whse_C,2014,8,35,2014-08-27,6000.0
3987,0071,Whse_C,2014,9,36,2014-09-05,10000.0
3988,0071,Whse_C,2014,9,37,2014-09-09,1000.0
3989,0071,Whse_C,2014,9,39,2014-09-22,20000.0
3990,0071,Whse_C,2014,9,40,2014-09-29,60000.0
3991,0071,Whse_C,2014,10,41,2014-10-10,73000.0
3992,0071,Whse_C,2014,11,46,2014-11-10,40000.0
3993,0071,Whse_C,2014,11,48,2014-11-24,9000.0
3994,0071,Whse_C,2014,11,48,2014-11-25,20000.0
3995,0071,Whse_C,2014,12,52,2014-12-24,29000.0
3996,0071,Whse_C,2015,1,2,2015-01-07,10000.0
3997,0071,Whse_C,2015,1,2,2015-01-09,1000.0
3998,0071,Whse_C,2015,1,3,2015-01-15,1000.0
3999,0071,Whse_C,2015,1,4,2015-01-22,100000.0
4000,0071,Whse_C,2015,2,6,2015-02-05,20000.0
4001,0071,Whse_C,2015,2,9,2015-02-25,5000.0
4002,0071,Whse_C,2015,3,10,2015-03-04,1000.0
4003,0071,Whse_C,2015,3,12,2015-03-19,3000.0
4004,0071,Whse_C,2015,4,16,2015-04-14,1000.0
4005,0071,Whse_C,2015,4,17,2015-04-21,2000.0
4006,0071,Whse_C,2015,4,17,2015-04-24,4000.0
4007,0071,Whse_C,2015,5,21,2015-05-20,3000.0
4008,0071,Whse_C,2015,6,23,2015-06-01,7000.0
4009,0071,Whse_C,2015,6,26,2015-06-26,10000.0
4010,0071,Whse_C,2015,7,28,2015-07-09,50000.0
4011,0071,Whse_C,2015,7,30,2015-07-22,3000.0
4012,0071,Whse_C,2015,7,31,2015-07-29,5000.0
4013,0071,Whse_C,2015,8,33,2015-08-11,5000.0
4014,0071,Whse_C,2015,9,36,2015-09-02,49000.0
4015,0071,Whse_C,2015,9,37,2015-09-10,8000.0
4016,0071,Whse_C,2015,9,38,2015-09-18,5000.0
4017,0071,Whse_C,2015,9,39,2015-09-24,3000.0
4018,0071,Whse_C,2015,9,40,2015-09-29,5000.0
4019,0071,Whse_C,2015,10,41,2015-10-08,5000.0
4020,0071,Whse_C,2015,10,42,2015-10-12,10000.0
4021,0071,Whse_C,2015,10,42,2015-10-15,20000.0
4022,0071,Whse_C,2015,10,43,2015-10-21,5000.0
4023,0071,Whse_C,2015,10,44,2015-10-30,27000.0
4024,0071,Whse_C,2015,11,47,2015-11-17,10000.0
4025,0071,Whse_C,2015,12,50,2015-12-08,5000.0
4026,0071,Whse_C,2015,12,51,2015-12-14,3000.0
4027,0071,Whse_C,2016,1,1,2016-01-06,59000.0
4028,0071,Whse_C,2016,1,2,2016-01-14,65000.0
4029,0071,Whse_C,2016,2,5,2016-02-03,20000.0
4030,0071,Whse_C,2016,3,9,2016-03-01,59000.0
4031,0071,Whse_C,2016,3,9,2016-03-03,40000.0
4032,0071,Whse_C,2016,3,10,2016-03-08,2000.0
4033,0071,Whse_C,2016,4,17,2016-04-28,59000.0
4034,0071,Whse_C,2016,7,27,2016-07-04,1000.0
4035,0071,Whse_C,2016,7,28,2016-07-11,158000.0
4036,0071,Whse_C,2016,7,28,2016-07-14,22000.0
4037,0071,Whse_C,2016,8,31,2016-08-03,9000.0
4038,0071,Whse_C,2016,8,34,2016-08-23,96000.0
4039,0071,Whse_C,2016,9,35,2016-09-01,1000.0
4040,0071,Whse_C,2016,9,36,2016-09-08,1000.0
4041,0071,Whse_C,2016,9,39,2016-09-30,8000.0
4042,0071,Whse_C,2016,10,41,2016-10-13,10000.0
4043,0071,Whse_C,2016,10,42,2016-10-17,14000.0
4044,0071,Whse_C,2016,10,42,2016-10-20,1000.0
4045,0071,Whse_C,2016,10,42,2016-10-21,1000.0
4046,0071,Whse_C,2016,10,43,2016-10-27,54000.0
4047,0071,Whse_C,2016,11,45,2016-11-08,2000.0
4048,0071,Whse_C,2016,11,47,2016-11-23,11000.0
4049,0071,Whse_C,2016,11,47,2016-11-24,1000.0
4050,0071,Whse_C,2016,12,49,2016-12-05,1000.0
4051,0071,Whse_C,2016,12,49,2016-12-09,5000.0
4052,0071,Whse_C,2016,12,50,2016-12-14,10000.0
4581,0083,Whse_C,2012,1,1,2012-01-04,15000.0
4582,0083,Whse_C,2012,1,1,2012-01-06,10000.0
4583,0083,Whse_C,2012,1,3,2012-01-18,40000.0
4584,0083,Whse_C,2012,1,5,2012-01-30,18000.0
4585,0083,Whse_C,2012,1,5,2012-01-31,91000.0
4586,0083,Whse_C,2012,2,5,2012-02-01,20000.0
4587,0083,Whse_C,2012,2,5,2012-02-03,1000.0
4588,0083,Whse_C,2012,2,6,2012-02-06,15000.0
4589,0083,Whse_C,2012,2,9,2012-02-27,3000.0
4590,0083,Whse_C,2012,3,10,2012-03-07,6000.0
4591,0083,Whse_C,2012,3,11,2012-03-13,55000.0
4592,0083,Whse_C,2012,3,12,2012-03-23,60000.0
4593,0083,Whse_C,2012,4,15,2012-04-09,1000.0
4594,0083,Whse_C,2012,4,17,2012-04-23,3000.0
4595,0083,Whse_C,2012,4,17,2012-04-24,60000.0
4596,0083,Whse_C,2012,4,17,2012-04-25,2000.0
4597,0083,Whse_C,2012,5,18,2012-05-04,2000.0
4598,0083,Whse_C,2012,5,19,2012-05-09,10000.0
4599,0083,Whse_C,2012,5,19,2012-05-11,20000.0
4600,0083,Whse_C,2012,5,20,2012-05-18,20000.0
4601,0083,Whse_C,2012,5,22,2012-05-28,20000.0
4602,0083,Whse_C,2012,5,22,2012-05-29,1000.0
4603,0083,Whse_C,2012,6,23,2012-06-06,30000.0
4604,0083,Whse_C,2012,6,23,2012-06-07,100000.0
4605,0083,Whse_C,2012,6,25,2012-06-18,1000.0
4606,0083,Whse_C,2012,6,26,2012-06-29,10000.0
4607,0083,Whse_C,2012,7,27,2012-07-05,90000.0
4608,0083,Whse_C,2012,7,29,2012-07-18,2000.0
4609,0083,Whse_C,2012,7,30,2012-07-25,10000.0
4610,0083,Whse_C,2012,7,30,2012-07-27,10000.0
4611,0083,Whse_C,2012,8,31,2012-08-02,10000.0
4612,0083,Whse_C,2012,8,32,2012-08-06,10000.0
4613,0083,Whse_C,2012,8,32,2012-08-08,20000.0
4614,0083,Whse_C,2012,9,37,2012-09-10,3000.0
4615,0083,Whse_C,2012,9,38,2012-09-17,1000.0
4616,0083,Whse_C,2012,10,42,2012-10-15,10000.0
4617,0083,Whse_C,2012,11,44,2012-11-01,60000.0
4618,0083,Whse_C,2012,11,47,2012-11-23,8000.0
4619,0083,Whse_C,2012,12,49,2012-12-06,60000.0
4620,0083,Whse_C,2012,12,51,2012-12-17,1000.0
4621,0083,Whse_C,2012,12,52,2012-12-24,12000.0
4622,0083,Whse_C,2012,12,52,2012-12-25,10000.0
4623,0083,Whse_C,2012,12,52,2012-12-28,72000.0
4624,0083,Whse_C,2013,1,2,2013-01-07,11000.0
4625,0083,Whse_C,2013,1,2,2013-01-10,50000.0
4626,0083,Whse_C,2013,1,2,2013-01-11,30000.0
4627,0083,Whse_C,2013,1,3,2013-01-14,15000.0
4628,0083,Whse_C,2013,1,3,2013-01-16,10000.0
4629,0083,Whse_C,2013,1,4,2013-01-23,1000.0
4630,0083,Whse_C,2013,1,4,2013-01-25,50000.0
4631,0083,Whse_C,2013,2,6,2013-02-05,9000.0
4632,0083,Whse_C,2013,2,8,2013-02-18,1000.0
4633,0083,Whse_C,2013,2,9,2013-02-25,10000.0
4634,0083,Whse_C,2013,2,9,2013-02-26,10000.0
4635,0083,Whse_C,2013,3,10,2013-03-05,50000.0
4636,0083,Whse_C,2013,3,10,2013-03-07,13000.0
4637,0083,Whse_C,2013,3,11,2013-03-11,10000.0
4638,0083,Whse_C,2013,3,11,2013-03-13,2000.0
4639,0083,Whse_C,2013,3,11,2013-03-14,50000.0
4640,0083,Whse_C,2013,3,12,2013-03-18,10000.0
4641,0083,Whse_C,2013,3,12,2013-03-20,1000.0
4642,0083,Whse_C,2013,3,12,2013-03-21,10000.0
4643,0083,Whse_C,2013,4,14,2013-04-02,1000.0
4644,0083,Whse_C,2013,4,14,2013-04-05,10000.0
4645,0083,Whse_C,2013,4,17,2013-04-25,2000.0
4646,0083,Whse_C,2013,4,17,2013-04-26,50000.0
4647,0083,Whse_C,2013,5,19,2013-05-06,16000.0
4648,0083,Whse_C,2013,5,21,2013-05-22,3000.0
4649,0083,Whse_C,2013,6,23,2013-06-03,10000.0
4650,0083,Whse_C,2013,6,23,2013-06-04,60000.0
4651,0083,Whse_C,2013,6,24,2013-06-10,20000.0
4652,0083,Whse_C,2013,6,25,2013-06-19,50000.0
4653,0083,Whse_C,2013,6,26,2013-06-25,30000.0
4654,0083,Whse_C,2013,7,28,2013-07-08,4000.0
4655,0083,Whse_C,2013,7,29,2013-07-15,30000.0
4656,0083,Whse_C,2013,7,29,2013-07-19,2000.0
4657,0083,Whse_C,2013,7,30,2013-07-25,40000.0
4658,0083,Whse_C,2013,8,31,2013-08-01,50000.0
4659,0083,Whse_C,2013,8,32,2013-08-09,30000.0
4660,0083,Whse_C,2013,8,35,2013-08-28,50000.0
4661,0083,Whse_C,2013,9,36,2013-09-04,23000.0
4662,0083,Whse_C,2013,9,36,2013-09-05,50000.0
4663,0083,Whse_C,2013,9,37,2013-09-11,40000.0
4664,0083,Whse_C,2013,9,38,2013-09-18,80000.0
4665,0083,Whse_C,2013,10,42,2013-10-18,50000.0
4666,0083,Whse_C,2013,10,43,2013-10-24,20000.0
4667,0083,Whse_C,2013,10,44,2013-10-31,23000.0
4668,0083,Whse_C,2013,11,45,2013-11-07,4000.0
4669,0083,Whse_C,2013,11,48,2013-11-26,2000.0
4670,0083,Whse_C,2013,11,48,2013-11-29,10000.0
4671,0083,Whse_C,2013,12,50,2013-12-09,2000.0
4672,0083,Whse_C,2013,12,51,2013-12-16,2000.0
4673,0083,Whse_C,2013,12,51,2013-12-18,5000.0
4674,0083,Whse_C,2014,1,2,2014-01-07,60000.0
4675,0083,Whse_C,2014,1,3,2014-01-13,1000.0
4676,0083,Whse_C,2014,1,3,2014-01-14,1000.0
4677,0083,Whse_C,2014,1,3,2014-01-15,20000.0
4678,0083,Whse_C,2014,1,4,2014-01-22,2000.0
4679,0083,Whse_C,2014,1,4,2014-01-24,10000.0
4680,0083,Whse_C,2014,2,6,2014-02-07,1000.0
4681,0083,Whse_C,2014,2,7,2014-02-10,11000.0
4682,0083,Whse_C,2014,2,7,2014-02-12,53000.0
4683,0083,Whse_C,2014,2,8,2014-02-17,2000.0
4684,0083,Whse_C,2014,2,8,2014-02-20,1000.0
4685,0083,Whse_C,2014,3,13,2014-03-24,50000.0
4686,0083,Whse_C,2014,3,13,2014-03-27,2000.0
4687,0083,Whse_C,2014,3,14,2014-03-31,52000.0
4688,0083,Whse_C,2014,4,14,2014-04-01,10000.0
4689,0083,Whse_C,2014,4,16,2014-04-14,60000.0
4690,0083,Whse_C,2014,4,16,2014-04-16,13000.0
4691,0083,Whse_C,2014,4,16,2014-04-18,60000.0
4692,0083,Whse_C,2014,4,17,2014-04-21,80000.0
4693,0083,Whse_C,2014,4,17,2014-04-23,60000.0
4694,0083,Whse_C,2014,4,18,2014-04-29,9000.0
4695,0083,Whse_C,2014,4,18,2014-04-30,10000.0
4696,0083,Whse_C,2014,5,19,2014-05-05,63000.0
4697,0083,Whse_C,2014,5,20,2014-05-12,20000.0
4698,0083,Whse_C,2014,5,21,2014-05-21,50000.0
4699,0083,Whse_C,2014,5,21,2014-05-23,20000.0
4700,0083,Whse_C,2014,5,22,2014-05-29,50000.0
4701,0083,Whse_C,2014,6,23,2014-06-03,30000.0
4702,0083,Whse_C,2014,6,24,2014-06-09,1000.0
4703,0083,Whse_C,2014,6,24,2014-06-10,80000.0
4704,0083,Whse_C,2014,6,25,2014-06-16,30000.0
4705,0083,Whse_C,2014,6,25,2014-06-17,1000.0
4706,0083,Whse_C,2014,6,26,2014-06-23,3000.0
4707,0083,Whse_C,2014,6,26,2014-06-26,10000.0
4708,0083,Whse_C,2014,7,27,2014-07-03,20000.0
4709,0083,Whse_C,2014,7,28,2014-07-07,50000.0
4710,0083,Whse_C,2014,7,28,2014-07-09,30000.0
4711,0083,Whse_C,2014,7,29,2014-07-15,50000.0
4712,0083,Whse_C,2014,7,30,2014-07-25,30000.0
4713,0083,Whse_C,2014,7,31,2014-07-30,60000.0
4714,0083,Whse_C,2014,8,33,2014-08-11,60000.0
4715,0083,Whse_C,2014,8,33,2014-08-14,4000.0
4716,0083,Whse_C,2014,8,33,2014-08-15,2000.0
4717,0083,Whse_C,2014,9,36,2014-09-05,23000.0
4718,0083,Whse_C,2014,9,38,2014-09-15,40000.0
4719,0083,Whse_C,2014,9,39,2014-09-22,20000.0
4720,0083,Whse_C,2014,9,40,2014-09-29,50000.0
4721,0083,Whse_C,2014,10,41,2014-10-09,50000.0
4722,0083,Whse_C,2014,10,41,2014-10-10,4000.0
4723,0083,Whse_C,2014,10,42,2014-10-15,70000.0
4724,0083,Whse_C,2014,10,42,2014-10-17,1000.0
4725,0083,Whse_C,2014,10,43,2014-10-24,254000.0
4726,0083,Whse_C,2014,10,44,2014-10-27,2000.0
4727,0083,Whse_C,2014,10,44,2014-10-30,10000.0
4728,0083,Whse_C,2014,11,46,2014-11-10,40000.0
4729,0083,Whse_C,2014,11,47,2014-11-17,10000.0
4730,0083,Whse_C,2014,11,47,2014-11-18,3000.0
4731,0083,Whse_C,2014,11,48,2014-11-24,9000.0
4734,0083,Whse_C,2014,12,49,2014-12-05,17000.0
4735,0083,Whse_C,2014,12,50,2014-12-09,50000.0
4736,0083,Whse_C,2014,12,50,2014-12-11,10000.0
4737,0083,Whse_C,2014,12,51,2014-12-15,50000.0
4738,0083,Whse_C,2014,12,51,2014-12-16,19000.0
4739,0083,Whse_C,2014,12,52,2014-12-22,50000.0
4740,0083,Whse_C,2014,12,52,2014-12-26,12000.0
4732,0083,Whse_C,2014,12,1,2014-12-29,50000.0
4733,0083,Whse_C,2014,12,1,2014-12-30,1000.0
4741,0083,Whse_C,2015,1,2,2015-01-07,1000.0
4742,0083,Whse_C,2015,1,2,2015-01-09,9000.0
4743,0083,Whse_C,2015,1,3,2015-01-15,10000.0
4744,0083,Whse_C,2015,1,3,2015-01-16,3000.0
4745,0083,Whse_C,2015,1,5,2015-01-27,4000.0
4746,0083,Whse_C,2015,1,5,2015-01-28,2000.0
4747,0083,Whse_C,2015,1,5,2015-01-29,10000.0
4748,0083,Whse_C,2015,2,6,2015-02-05,20000.0
4749,0083,Whse_C,2015,2,9,2015-02-27,20000.0
4750,0083,Whse_C,2015,3,10,2015-03-03,30000.0
4751,0083,Whse_C,2015,3,10,2015-03-04,10000.0
4752,0083,Whse_C,2015,3,13,2015-03-27,15000.0
4753,0083,Whse_C,2015,4,14,2015-04-01,1000.0
4754,0083,Whse_C,2015,4,16,2015-04-14,60000.0
4755,0083,Whse_C,2015,4,17,2015-04-20,80000.0
4756,0083,Whse_C,2015,4,18,2015-04-29,20000.0
4757,0083,Whse_C,2015,4,18,2015-04-30,18000.0
4758,0083,Whse_C,2015,5,19,2015-05-05,74000.0
4759,0083,Whse_C,2015,5,21,2015-05-19,50000.0
4760,0083,Whse_C,2015,5,21,2015-05-20,10000.0
4761,0083,Whse_C,2015,5,22,2015-05-25,40000.0
4762,0083,Whse_C,2015,5,22,2015-05-28,50000.0
4763,0083,Whse_C,2015,6,24,2015-06-10,40000.0
4764,0083,Whse_C,2015,6,24,2015-06-11,50000.0
4765,0083,Whse_C,2015,6,25,2015-06-19,70000.0
4766,0083,Whse_C,2015,6,27,2015-06-30,50000.0
4767,0083,Whse_C,2015,7,28,2015-07-06,4000.0
4768,0083,Whse_C,2015,7,28,2015-07-08,19000.0
4769,0083,Whse_C,2015,7,28,2015-07-10,50000.0
4770,0083,Whse_C,2015,7,29,2015-07-13,20000.0
4771,0083,Whse_C,2015,7,30,2015-07-24,50000.0
4772,0083,Whse_C,2015,7,31,2015-07-27,6000.0
4773,0083,Whse_C,2015,7,31,2015-07-29,9000.0
4774,0083,Whse_C,2015,7,31,2015-07-30,20000.0
4775,0083,Whse_C,2015,8,32,2015-08-07,5000.0
4776,0083,Whse_C,2015,8,33,2015-08-11,52000.0
4777,0083,Whse_C,2015,8,33,2015-08-14,10000.0
4778,0083,Whse_C,2015,8,36,2015-08-31,10000.0
4779,0083,Whse_C,2015,9,37,2015-09-07,3000.0
4780,0083,Whse_C,2015,9,37,2015-09-10,50000.0
4781,0083,Whse_C,2015,9,39,2015-09-24,50000.0
4782,0083,Whse_C,2015,9,40,2015-09-30,2000.0
4783,0083,Whse_C,2015,10,41,2015-10-09,50000.0
4784,0083,Whse_C,2015,10,42,2015-10-12,30000.0
4785,0083,Whse_C,2015,10,42,2015-10-14,10000.0
4786,0083,Whse_C,2015,10,42,2015-10-15,50000.0
4787,0083,Whse_C,2015,10,44,2015-10-28,52000.0
4788,0083,Whse_C,2015,11,45,2015-11-04,50000.0
4789,0083,Whse_C,2015,11,46,2015-11-12,15000.0
4790,0083,Whse_C,2015,12,50,2015-12-08,3000.0
4791,0083,Whse_C,2015,12,50,2015-12-11,1000.0
4792,0083,Whse_C,2015,12,51,2015-12-15,50000.0
4793,0083,Whse_C,2015,12,52,2015-12-21,50000.0
4794,0083,Whse_C,2015,12,53,2015-12-30,2000.0
4795,0083,Whse_C,2016,1,3,2016-01-18,110000.0
4796,0083,Whse_C,2016,1,3,2016-01-19,11000.0
4797,0083,Whse_C,2016,1,3,2016-01-20,5000.0
4798,0083,Whse_C,2016,2,5,2016-02-01,10000.0
4799,0083,Whse_C,2016,2,5,2016-02-03,60000.0
4800,0083,Whse_C,2016,2,8,2016-02-26,10000.0
4801,0083,Whse_C,2016,3,9,2016-03-02,10000.0
4802,0083,Whse_C,2016,3,9,2016-03-03,50000.0
4803,0083,Whse_C,2016,3,10,2016-03-08,1000.0
4804,0083,Whse_C,2016,3,11,2016-03-15,50000.0
4805,0083,Whse_C,2016,3,12,2016-03-23,35000.0
4806,0083,Whse_C,2016,3,12,2016-03-24,50000.0
4807,0083,Whse_C,2016,3,12,2016-03-25,50000.0
4808,0083,Whse_C,2016,3,13,2016-03-29,30000.0
4809,0083,Whse_C,2016,3,13,2016-03-30,70000.0
4810,0083,Whse_C,2016,4,14,2016-04-05,100000.0
4811,0083,Whse_C,2016,4,14,2016-04-10,50000.0
4812,0083,Whse_C,2016,4,16,2016-04-22,50000.0
4813,0083,Whse_C,2016,4,17,2016-04-25,20000.0
4814,0083,Whse_C,2016,5,18,2016-05-05,80000.0
4815,0083,Whse_C,2016,5,20,2016-05-16,50000.0
4816,0083,Whse_C,2016,5,22,2016-05-30,30000.0
4817,0083,Whse_C,2016,6,22,2016-06-03,2000.0
4818,0083,Whse_C,2016,6,24,2016-06-13,2000.0
4819,0083,Whse_C,2016,6,25,2016-06-22,50000.0
4820,0083,Whse_C,2016,6,26,2016-06-27,4000.0
4821,0083,Whse_C,2016,7,28,2016-07-13,50000.0
4822,0083,Whse_C,2016,7,28,2016-07-15,1000.0
4823,0083,Whse_C,2016,8,31,2016-08-03,100000.0
4824,0083,Whse_C,2016,8,32,2016-08-12,100000.0
4825,0083,Whse_C,2016,8,33,2016-08-17,5000.0
4826,0083,Whse_C,2016,8,34,2016-08-23,10000.0
4827,0083,Whse_C,2016,9,39,2016-09-30,2000.0
4828,0083,Whse_C,2016,10,41,2016-10-12,21000.0
4829,0083,Whse_C,2016,10,43,2016-10-25,2000.0
4830,0083,Whse_C,2016,10,43,2016-10-26,1000.0
4831,0083,Whse_C,2016,10,44,2016-10-31,30000.0
4832,0083,Whse_C,2016,11,44,2016-11-02,21000.0
4833,0083,Whse_C,2016,11,45,2016-11-07,2000.0
4834,0083,Whse_C,2016,11,45,2016-11-09,5000.0
4835,0083,Whse_C,2016,11,46,2016-11-17,3000.0
4836,0083,Whse_C,2016,11,47,2016-11-21,51000.0
4837,0083,Whse_C,2016,11,47,2016-11-22,55000.0
4838,0083,Whse_C,2016,11,47,2016-11-23,68000.0
4839,0083,Whse_C,2016,12,50,2016-12-14,50000.0
4840,0083,Whse_C,2016,12,50,2016-12-16,50000.0
4841,0083,Whse_C,2016,12,51,2016-12-20,50000.0
5715,0093,Whse_C,2012,3,11,2012-03-13,10000.0
5716,0093,Whse_C,2012,3,11,2012-03-15,2000.0
5717,0093,Whse_C,2012,4,15,2012-04-10,15000.0
5718,0093,Whse_C,2012,11,45,2012-11-07,30000.0
5719,0093,Whse_C,2013,3,13,2013-03-27,30000.0
5720,0093,Whse_C,2013,4,15,2013-04-11,40000.0
5721,0093,Whse_C,2013,7,30,2013-07-26,25000.0
5722,0093,Whse_C,2013,8,34,2013-08-20,25000.0
5723,0093,Whse_C,2013,10,41,2013-10-11,30000.0
5724,0093,Whse_C,2013,10,44,2013-10-31,30000.0
5725,0093,Whse_C,2014,1,1,2014-01-02,30000.0
5726,0093,Whse_C,2014,1,5,2014-01-27,30000.0
5727,0093,Whse_C,2014,3,10,2014-03-03,10000.0
5728,0093,Whse_C,2014,4,17,2014-04-21,25000.0
5729,0093,Whse_C,2014,4,17,2014-04-22,25000.0
5730,0093,Whse_C,2014,5,21,2014-05-23,28000.0
5731,0093,Whse_C,2014,6,26,2014-06-24,25000.0
5732,0093,Whse_C,2014,7,28,2014-07-08,25000.0
5733,0093,Whse_C,2014,8,32,2014-08-04,1000.0
5734,0093,Whse_C,2014,8,35,2014-08-29,10000.0
5735,0093,Whse_C,2014,10,41,2014-10-10,15000.0
5736,0093,Whse_C,2014,11,45,2014-11-05,25000.0
5737,0093,Whse_C,2014,11,46,2014-11-12,5500.0
5738,0093,Whse_C,2014,11,48,2014-11-24,4000.0
5739,0093,Whse_C,2014,12,50,2014-12-11,25000.0
5740,0093,Whse_C,2015,1,3,2015-01-13,10000.0
5741,0093,Whse_C,2015,1,4,2015-01-22,250.0
5742,0093,Whse_C,2015,1,5,2015-01-26,25000.0
5743,0093,Whse_C,2015,2,7,2015-02-09,4000.0
5744,0093,Whse_C,2015,3,10,2015-03-02,20000.0
5745,0093,Whse_C,2015,3,13,2015-03-24,20000.0
5746,0093,Whse_C,2015,3,13,2015-03-25,6000.0
5747,0093,Whse_C,2015,3,14,2015-03-30,10000.0
5748,0093,Whse_C,2015,4,17,2015-04-21,20000.0
5749,0093,Whse_C,2015,4,17,2015-04-22,15000.0
5750,0093,Whse_C,2015,5,22,2015-05-25,18000.0
5751,0093,Whse_C,2015,6,23,2015-06-01,5000.0
5752,0093,Whse_C,2015,6,24,2015-06-10,4000.0
5753,0093,Whse_C,2015,6,25,2015-06-19,15000.0
5754,0093,Whse_C,2015,7,28,2015-07-07,500.0
5755,0093,Whse_C,2015,7,30,2015-07-21,12000.0
5756,0093,Whse_C,2015,8,33,2015-08-14,12000.0
5757,0093,Whse_C,2015,9,37,2015-09-08,15000.0
5758,0093,Whse_C,2015,9,38,2015-09-16,500.0
5759,0093,Whse_C,2015,11,45,2015-11-04,17250.0
5760,0093,Whse_C,2015,11,47,2015-11-17,12000.0
5761,0093,Whse_C,2015,12,50,2015-12-07,18000.0
5762,0093,Whse_C,2016,1,2,2016-01-12,25000.0
5763,0093,Whse_C,2016,1,2,2016-01-15,1250.0
5764,0093,Whse_C,2016,2,5,2016-02-04,25000.0
5765,0093,Whse_C,2016,3,12,2016-03-25,1000.0
5766,0093,Whse_C,2016,4,14,2016-04-08,2000.0
5767,0093,Whse_C,2016,4,15,2016-04-11,32500.0
5768,0093,Whse_C,2016,4,15,2016-04-14,50000.0
5769,0093,Whse_C,2016,5,19,2016-05-13,40000.0
5770,0093,Whse_C,2016,7,29,2016-07-22,40000.0
5771,0093,Whse_C,2016,8,34,2016-08-23,30000.0
5772,0093,Whse_C,2016,9,38,2016-09-21,30000.0
5773,0093,Whse_C,2016,9,39,2016-09-27,500.0
5774,0093,Whse_C,2016,10,42,2016-10-20,22000.0
5775,0093,Whse_C,2016,11,47,2016-11-25,49500.0
5776,0093,Whse_C,2016,12,51,2016-12-22,22000.0
6014,0094,Whse_C,2012,1,1,2012-01-04,50000.0
6015,0094,Whse_C,2012,1,3,2012-01-16,22000.0
6016,0094,Whse_C,2012,1,5,2012-01-30,16000.0
6017,0094,Whse_C,2012,2,5,2012-02-02,50000.0
6018,0094,Whse_C,2012,2,5,2012-02-03,20000.0
6019,0094,Whse_C,2012,2,6,2012-02-10,55000.0
6020,0094,Whse_C,2012,2,8,2012-02-23,7500.0
6021,0094,Whse_C,2012,3,9,2012-03-02,80000.0
6022,0094,Whse_C,2012,3,12,2012-03-19,1000.0
6023,0094,Whse_C,2012,3,12,2012-03-20,50000.0
6024,0094,Whse_C,2012,4,14,2012-04-05,1000.0
6025,0094,Whse_C,2012,4,16,2012-04-16,2500.0
6026,0094,Whse_C,2012,4,16,2012-04-18,50000.0
6027,0094,Whse_C,2012,4,17,2012-04-26,50000.0
6028,0094,Whse_C,2012,5,19,2012-05-07,6000.0
6029,0094,Whse_C,2012,5,19,2012-05-09,5000.0
6030,0094,Whse_C,2012,5,19,2012-05-11,50000.0
6031,0094,Whse_C,2012,5,20,2012-05-15,29000.0
6032,0094,Whse_C,2012,5,20,2012-05-18,50000.0
6033,0094,Whse_C,2012,5,21,2012-05-24,10000.0
6034,0094,Whse_C,2012,5,22,2012-05-28,50000.0
6035,0094,Whse_C,2012,6,25,2012-06-19,50000.0
6036,0094,Whse_C,2012,6,25,2012-06-20,10000.0
6037,0094,Whse_C,2012,6,26,2012-06-29,10000.0
6038,0094,Whse_C,2012,7,27,2012-07-03,2000.0
6039,0094,Whse_C,2012,7,27,2012-07-05,90000.0
6040,0094,Whse_C,2012,7,28,2012-07-09,21250.0
6041,0094,Whse_C,2012,7,29,2012-07-20,51000.0
6042,0094,Whse_C,2012,8,31,2012-08-02,75000.0
6043,0094,Whse_C,2012,8,31,2012-08-03,22000.0
6044,0094,Whse_C,2012,8,32,2012-08-09,20000.0
6045,0094,Whse_C,2012,8,33,2012-08-15,10000.0
6046,0094,Whse_C,2012,8,34,2012-08-22,50000.0
6047,0094,Whse_C,2012,9,36,2012-09-06,30000.0
6048,0094,Whse_C,2012,9,38,2012-09-18,20000.0
6049,0094,Whse_C,2012,9,38,2012-09-21,10000.0
6050,0094,Whse_C,2012,10,42,2012-10-15,50000.0
6051,0094,Whse_C,2012,11,44,2012-11-01,50000.0
6052,0094,Whse_C,2012,11,45,2012-11-05,10500.0
6053,0094,Whse_C,2012,11,46,2012-11-12,50000.0
6054,0094,Whse_C,2012,11,47,2012-11-23,1000.0
6055,0094,Whse_C,2012,11,48,2012-11-28,6500.0
6056,0094,Whse_C,2012,12,49,2012-12-03,2500.0
6057,0094,Whse_C,2012,12,49,2012-12-07,10000.0
6058,0094,Whse_C,2012,12,50,2012-12-12,50000.0
6059,0094,Whse_C,2013,1,2,2013-01-07,20500.0
6060,0094,Whse_C,2013,1,2,2013-01-11,20000.0
6061,0094,Whse_C,2013,1,5,2013-01-28,10000.0
6062,0094,Whse_C,2013,2,6,2013-02-08,500.0
6063,0094,Whse_C,2013,2,8,2013-02-18,5000.0
6064,0094,Whse_C,2013,2,8,2013-02-20,20000.0
6065,0094,Whse_C,2013,3,10,2013-03-05,50000.0
6066,0094,Whse_C,2013,3,11,2013-03-12,1000.0
6067,0094,Whse_C,2013,3,11,2013-03-13,9000.0
6068,0094,Whse_C,2013,3,11,2013-03-14,50000.0
6069,0094,Whse_C,2013,3,12,2013-03-20,1000.0
6070,0094,Whse_C,2013,3,12,2013-03-21,4000.0
6071,0094,Whse_C,2013,3,13,2013-03-28,9000.0
6072,0094,Whse_C,2013,4,14,2013-04-03,2500.0
6073,0094,Whse_C,2013,4,15,2013-04-11,13500.0
6074,0094,Whse_C,2013,4,16,2013-04-15,17000.0
6075,0094,Whse_C,2013,4,16,2013-04-17,60000.0
6076,0094,Whse_C,2013,4,16,2013-04-18,40000.0
6077,0094,Whse_C,2013,4,17,2013-04-26,50000.0
6078,0094,Whse_C,2013,5,19,2013-05-08,5500.0
6079,0094,Whse_C,2013,5,19,2013-05-10,2000.0
6080,0094,Whse_C,2013,5,22,2013-05-30,30000.0
6081,0094,Whse_C,2013,6,23,2013-06-05,48000.0
6082,0094,Whse_C,2013,6,23,2013-06-06,3000.0
6083,0094,Whse_C,2013,6,25,2013-06-17,2500.0
6084,0094,Whse_C,2013,6,25,2013-06-19,50000.0
6085,0094,Whse_C,2013,6,26,2013-06-26,5000.0
6086,0094,Whse_C,2013,6,26,2013-06-28,50000.0
6087,0094,Whse_C,2013,7,28,2013-07-09,55750.0
6088,0094,Whse_C,2013,7,30,2013-07-23,50000.0
6089,0094,Whse_C,2013,7,31,2013-07-30,250.0
6090,0094,Whse_C,2013,8,31,2013-08-01,50000.0
6091,0094,Whse_C,2013,8,32,2013-08-06,2000.0
6092,0094,Whse_C,2013,8,33,2013-08-14,9750.0
6093,0094,Whse_C,2013,8,33,2013-08-16,50000.0
6094,0094,Whse_C,2013,8,35,2013-08-28,50000.0
6095,0094,Whse_C,2013,9,36,2013-09-04,2500.0
6096,0094,Whse_C,2013,9,36,2013-09-05,50000.0
6097,0094,Whse_C,2013,9,38,2013-09-18,80000.0
6098,0094,Whse_C,2013,9,38,2013-09-20,1000.0
6099,0094,Whse_C,2013,9,40,2013-09-30,100500.0
6100,0094,Whse_C,2013,10,41,2013-10-11,30000.0
6101,0094,Whse_C,2013,10,42,2013-10-17,40000.0
6102,0094,Whse_C,2013,10,43,2013-10-21,50000.0
6103,0094,Whse_C,2013,10,43,2013-10-24,56250.0
6104,0094,Whse_C,2013,11,44,2013-11-01,50000.0
6105,0094,Whse_C,2013,11,45,2013-11-04,5000.0
6106,0094,Whse_C,2013,11,45,2013-11-07,70000.0
6107,0094,Whse_C,2013,11,45,2013-11-08,10000.0
6108,0094,Whse_C,2013,11,47,2013-11-18,3000.0
6109,0094,Whse_C,2013,11,47,2013-11-21,2000.0
6110,0094,Whse_C,2013,11,48,2013-11-26,22000.0
6111,0094,Whse_C,2013,11,48,2013-11-27,40000.0
6112,0094,Whse_C,2013,12,51,2013-12-16,22000.0
6113,0094,Whse_C,2014,1,2,2014-01-08,4500.0
6114,0094,Whse_C,2014,1,2,2014-01-09,2000.0
6115,0094,Whse_C,2014,1,3,2014-01-14,500.0
6116,0094,Whse_C,2014,1,4,2014-01-22,10000.0
6117,0094,Whse_C,2014,2,6,2014-02-06,9750.0
6118,0094,Whse_C,2014,2,7,2014-02-10,90250.0
6119,0094,Whse_C,2014,2,7,2014-02-12,1000.0
6120,0094,Whse_C,2014,2,8,2014-02-19,500.0
6121,0094,Whse_C,2014,2,8,2014-02-21,10000.0
6122,0094,Whse_C,2014,3,10,2014-03-05,2000.0
6123,0094,Whse_C,2014,3,12,2014-03-20,50000.0
6124,0094,Whse_C,2014,4,16,2014-04-14,2000.0
6125,0094,Whse_C,2014,4,17,2014-04-21,3000.0
6126,0094,Whse_C,2014,4,18,2014-04-30,9750.0
6127,0094,Whse_C,2014,5,19,2014-05-05,45000.0
6128,0094,Whse_C,2014,5,20,2014-05-14,92000.0
6129,0094,Whse_C,2014,5,21,2014-05-20,2000.0
6130,0094,Whse_C,2014,6,23,2014-06-03,60000.0
6131,0094,Whse_C,2014,6,24,2014-06-09,70000.0
6132,0094,Whse_C,2014,6,24,2014-06-12,80000.0
6133,0094,Whse_C,2014,6,25,2014-06-17,5000.0
6134,0094,Whse_C,2014,6,25,2014-06-19,50000.0
6135,0094,Whse_C,2014,6,26,2014-06-23,5000.0
6136,0094,Whse_C,2014,7,27,2014-07-01,40000.0
6137,0094,Whse_C,2014,7,28,2014-07-11,4000.0
6138,0094,Whse_C,2014,7,29,2014-07-15,78250.0
6139,0094,Whse_C,2014,7,31,2014-07-30,3000.0
6140,0094,Whse_C,2014,8,32,2014-08-04,2000.0
6141,0094,Whse_C,2014,8,32,2014-08-08,20000.0
6142,0094,Whse_C,2014,8,33,2014-08-14,8000.0
6143,0094,Whse_C,2014,8,34,2014-08-19,3000.0
6144,0094,Whse_C,2014,8,35,2014-08-27,6000.0
6145,0094,Whse_C,2014,9,37,2014-09-12,40000.0
6146,0094,Whse_C,2014,9,39,2014-09-24,1250.0
6147,0094,Whse_C,2014,10,43,2014-10-20,30000.0
6148,0094,Whse_C,2014,10,44,2014-10-30,7000.0
6149,0094,Whse_C,2014,10,44,2014-10-31,2000.0
6150,0094,Whse_C,2014,11,47,2014-11-18,3000.0
6151,0094,Whse_C,2014,12,49,2014-12-05,30000.0
6152,0094,Whse_C,2014,12,50,2014-12-08,100000.0
6153,0094,Whse_C,2015,1,2,2015-01-07,8000.0
6154,0094,Whse_C,2015,1,3,2015-01-16,50000.0
6155,0094,Whse_C,2015,1,5,2015-01-29,40000.0
6156,0094,Whse_C,2015,2,6,2015-02-02,100000.0
6157,0094,Whse_C,2015,2,7,2015-02-13,50000.0
6158,0094,Whse_C,2015,3,13,2015-03-24,25000.0
6159,0094,Whse_C,2015,3,13,2015-03-27,30000.0
6160,0094,Whse_C,2015,4,16,2015-04-17,5000.0
6161,0094,Whse_C,2015,4,17,2015-04-24,5000.0
6162,0094,Whse_C,2015,5,20,2015-05-11,3000.0
6163,0094,Whse_C,2015,5,21,2015-05-20,80000.0
6164,0094,Whse_C,2015,6,23,2015-06-01,82000.0
6165,0094,Whse_C,2015,6,25,2015-06-15,50500.0
6166,0094,Whse_C,2015,6,25,2015-06-17,175000.0
6167,0094,Whse_C,2015,6,25,2015-06-19,80000.0
6168,0094,Whse_C,2015,6,26,2015-06-23,3000.0
6169,0094,Whse_C,2015,6,27,2015-06-30,80000.0
6170,0094,Whse_C,2015,7,27,2015-07-03,4000.0
6171,0094,Whse_C,2015,7,28,2015-07-06,40000.0
6172,0094,Whse_C,2015,7,28,2015-07-07,16000.0
6173,0094,Whse_C,2015,7,28,2015-07-10,80000.0
6174,0094,Whse_C,2015,7,31,2015-07-28,4250.0
6175,0094,Whse_C,2015,8,32,2015-08-03,40000.0
6176,0094,Whse_C,2015,8,33,2015-08-13,500.0
6177,0094,Whse_C,2015,8,34,2015-08-17,1000.0
6178,0094,Whse_C,2015,8,35,2015-08-24,3000.0
6179,0094,Whse_C,2015,9,38,2015-09-16,500.0
6180,0094,Whse_C,2015,10,42,2015-10-12,58000.0
6181,0094,Whse_C,2015,10,42,2015-10-16,30000.0
6182,0094,Whse_C,2015,10,43,2015-10-21,3000.0
6183,0094,Whse_C,2015,10,44,2015-10-27,5000.0
6184,0094,Whse_C,2015,10,44,2015-10-28,2000.0
6185,0094,Whse_C,2015,11,45,2015-11-02,35000.0
6186,0094,Whse_C,2015,11,45,2015-11-04,71000.0
6187,0094,Whse_C,2015,11,46,2015-11-09,30000.0
6188,0094,Whse_C,2015,11,46,2015-11-11,80000.0
6189,0094,Whse_C,2015,11,46,2015-11-13,50000.0
6190,0094,Whse_C,2015,11,48,2015-11-24,3000.0
6191,0094,Whse_C,2015,11,48,2015-11-25,20000.0
6192,0094,Whse_C,2015,11,48,2015-11-27,81000.0
6193,0094,Whse_C,2015,12,49,2015-12-01,1000.0
6194,0094,Whse_C,2015,12,49,2015-12-02,50000.0
6195,0094,Whse_C,2015,12,50,2015-12-08,3000.0
6196,0094,Whse_C,2015,12,50,2015-12-10,3000.0
6197,0094,Whse_C,2015,12,51,2015-12-14,5000.0
6198,0094,Whse_C,2015,12,51,2015-12-15,50000.0
6199,0094,Whse_C,2015,12,51,2015-12-16,3000.0
6200,0094,Whse_C,2015,12,51,2015-12-18,50000.0
6201,0094,Whse_C,2015,12,52,2015-12-25,2000.0
6202,0094,Whse_C,2016,1,1,2016-01-08,20000.0
6203,0094,Whse_C,2016,1,3,2016-01-20,50000.0
6204,0094,Whse_C,2016,2,5,2016-02-03,3500.0
6205,0094,Whse_C,2016,2,5,2016-02-04,40000.0
6206,0094,Whse_C,2016,2,7,2016-02-15,5000.0
6207,0094,Whse_C,2016,2,7,2016-02-16,14000.0
6208,0094,Whse_C,2016,3,11,2016-03-15,50000.0
6209,0094,Whse_C,2016,3,12,2016-03-21,500.0
6210,0094,Whse_C,2016,3,12,2016-03-23,61000.0
6211,0094,Whse_C,2016,3,12,2016-03-24,50000.0
6212,0094,Whse_C,2016,3,12,2016-03-25,50000.0
6213,0094,Whse_C,2016,3,13,2016-03-30,50000.0
6214,0094,Whse_C,2016,3,13,2016-03-31,50000.0
6215,0094,Whse_C,2016,4,14,2016-04-10,50000.0
6216,0094,Whse_C,2016,4,15,2016-04-14,2500.0
6217,0094,Whse_C,2016,4,15,2016-04-15,3500.0
6218,0094,Whse_C,2016,4,16,2016-04-19,1000.0
6219,0094,Whse_C,2016,4,17,2016-04-28,4000.0
6220,0094,Whse_C,2016,5,18,2016-05-05,110000.0
6221,0094,Whse_C,2016,5,19,2016-05-11,1000.0
6222,0094,Whse_C,2016,5,22,2016-05-30,60000.0
6223,0094,Whse_C,2016,6,22,2016-06-03,50000.0
6224,0094,Whse_C,2016,6,25,2016-06-23,50000.0
6225,0094,Whse_C,2016,6,26,2016-06-28,3000.0
6226,0094,Whse_C,2016,6,26,2016-06-30,3500.0
6227,0094,Whse_C,2016,7,28,2016-07-13,3000.0
6228,0094,Whse_C,2016,7,28,2016-07-15,6500.0
6229,0094,Whse_C,2016,7,29,2016-07-19,2000.0
6230,0094,Whse_C,2016,7,30,2016-07-25,2500.0
6231,0094,Whse_C,2016,8,31,2016-08-01,3000.0
6232,0094,Whse_C,2016,8,31,2016-08-03,100000.0
6233,0094,Whse_C,2016,8,32,2016-08-09,30000.0
6234,0094,Whse_C,2016,8,34,2016-08-22,100000.0
6235,0094,Whse_C,2016,8,35,2016-08-31,3000.0
6236,0094,Whse_C,2016,9,35,2016-09-01,2000.0
6237,0094,Whse_C,2016,9,36,2016-09-09,50000.0
6238,0094,Whse_C,2016,10,43,2016-10-26,10000.0
6239,0094,Whse_C,2016,11,46,2016-11-16,5000.0
6240,0094,Whse_C,2016,11,46,2016-11-17,3000.0
6241,0094,Whse_C,2016,11,47,2016-11-22,50250.0
6242,0094,Whse_C,2016,12,48,2016-12-01,50000.0
6243,0094,Whse_C,2016,12,50,2016-12-12,50000.0
6244,0094,Whse_C,2016,12,50,2016-12-14,50000.0
6245,0094,Whse_C,2016,12,50,2016-12-16,50000.0
6246,0094,Whse_C,2016,12,51,2016-12-21,50000.0
6341,0100,Whse_C,2012,1,1,2012-01-03,3000.0
6342,0100,Whse_C,2012,2,5,2012-02-02,5000.0
6343,0100,Whse_C,2012,2,6,2012-02-06,3000.0
6344,0100,Whse_C,2012,2,8,2012-02-23,3000.0
6345,0100,Whse_C,2012,3,11,2012-03-15,3000.0
6346,0100,Whse_C,2012,3,12,2012-03-23,5000.0
6347,0100,Whse_C,2012,4,15,2012-04-12,3000.0
6348,0100,Whse_C,2012,5,19,2012-05-07,5000.0
6349,0100,Whse_C,2012,5,20,2012-05-18,5000.0
6350,0100,Whse_C,2012,5,22,2012-05-28,5000.0
6351,0100,Whse_C,2012,5,22,2012-05-29,3000.0
6352,0100,Whse_C,2012,6,23,2012-06-06,3000.0
6353,0100,Whse_C,2012,7,28,2012-07-13,3000.0
6354,0100,Whse_C,2012,7,29,2012-07-16,3000.0
6355,0100,Whse_C,2012,7,30,2012-07-26,5000.0
6356,0100,Whse_C,2012,8,31,2012-08-02,3000.0
6357,0100,Whse_C,2012,8,32,2012-08-08,3000.0
6358,0100,Whse_C,2012,8,32,2012-08-09,3000.0
6359,0100,Whse_C,2012,8,35,2012-08-27,10000.0
6360,0100,Whse_C,2012,9,37,2012-09-11,5000.0
6361,0100,Whse_C,2012,10,43,2012-10-26,5000.0
6362,0100,Whse_C,2012,11,47,2012-11-21,10000.0
6363,0100,Whse_C,2013,2,6,2013-02-05,1000.0
6364,0100,Whse_C,2013,2,8,2013-02-19,1500.0
6365,0100,Whse_C,2013,4,16,2013-04-15,4100.0
6366,0100,Whse_C,2013,4,16,2013-04-17,1000.0
6367,0100,Whse_C,2013,4,17,2013-04-24,1000.0
6368,0100,Whse_C,2013,4,17,2013-04-26,3000.0
6369,0100,Whse_C,2013,6,23,2013-06-04,2000.0
6370,0100,Whse_C,2013,6,26,2013-06-28,3000.0
6371,0100,Whse_C,2013,7,31,2013-07-30,1100.0
6372,0100,Whse_C,2013,7,31,2013-07-31,3000.0
6373,0100,Whse_C,2013,8,33,2013-08-13,3000.0
6374,0100,Whse_C,2013,8,33,2013-08-16,2000.0
6375,0100,Whse_C,2013,8,34,2013-08-23,3000.0
6376,0100,Whse_C,2013,8,35,2013-08-28,10000.0
6377,0100,Whse_C,2013,9,37,2013-09-11,10000.0
6378,0100,Whse_C,2013,9,40,2013-09-30,20000.0
6379,0100,Whse_C,2013,10,42,2013-10-14,50000.0
6380,0100,Whse_C,2013,10,43,2013-10-22,20000.0
6381,0100,Whse_C,2013,11,47,2013-11-24,60000.0
6382,0100,Whse_C,2013,12,51,2013-12-19,1000.0
6383,0100,Whse_C,2013,12,52,2013-12-23,1000.0
6384,0100,Whse_C,2014,2,7,2014-02-10,50400.0
6385,0100,Whse_C,2014,4,17,2014-04-21,300.0
6386,0100,Whse_C,2014,5,21,2014-05-20,1500.0
6387,0100,Whse_C,2014,6,23,2014-06-03,6000.0
6388,0100,Whse_C,2014,6,25,2014-06-20,5000.0
6389,0100,Whse_C,2014,7,29,2014-07-14,5000.0
6390,0100,Whse_C,2014,7,29,2014-07-15,120000.0
6391,0100,Whse_C,2014,7,30,2014-07-21,10000.0
6392,0100,Whse_C,2014,7,30,2014-07-22,120000.0
6393,0100,Whse_C,2014,8,31,2014-08-01,10000.0
6394,0100,Whse_C,2014,8,33,2014-08-11,10000.0
6395,0100,Whse_C,2014,8,34,2014-08-20,11000.0
6396,0100,Whse_C,2014,8,35,2014-08-28,15000.0
6397,0100,Whse_C,2014,9,38,2014-09-19,10000.0
6398,0100,Whse_C,2014,10,42,2014-10-15,8000.0
6399,0100,Whse_C,2014,10,43,2014-10-24,8000.0
6400,0100,Whse_C,2014,11,47,2014-11-18,5000.0
6401,0100,Whse_C,2014,11,48,2014-11-27,10000.0
6403,0100,Whse_C,2014,12,51,2014-12-15,10000.0
6402,0100,Whse_C,2014,12,1,2014-12-29,10000.0
6404,0100,Whse_C,2015,1,4,2015-01-20,12000.0
6405,0100,Whse_C,2015,1,5,2015-01-30,10000.0
6406,0100,Whse_C,2015,2,9,2015-02-25,2000.0
6407,0100,Whse_C,2015,2,9,2015-02-27,10000.0
6408,0100,Whse_C,2015,3,11,2015-03-10,10000.0
6409,0100,Whse_C,2015,3,11,2015-03-13,5000.0
6410,0100,Whse_C,2015,4,14,2015-04-02,10000.0
6411,0100,Whse_C,2015,4,17,2015-04-20,10000.0
6412,0100,Whse_C,2015,6,23,2015-06-05,5000.0
6413,0100,Whse_C,2015,6,24,2015-06-10,10000.0
6414,0100,Whse_C,2015,6,25,2015-06-18,5000.0
6415,0100,Whse_C,2015,7,27,2015-07-01,5000.0
6416,0100,Whse_C,2015,7,29,2015-07-15,8000.0
6417,0100,Whse_C,2015,7,30,2015-07-24,7000.0
6418,0100,Whse_C,2015,7,31,2015-07-28,3000.0
6419,0100,Whse_C,2015,8,33,2015-08-14,1000.0
6420,0100,Whse_C,2015,12,49,2015-12-02,50000.0
6421,0100,Whse_C,2016,3,10,2016-03-07,15000.0
6422,0100,Whse_C,2016,3,12,2016-03-22,1500.0
6423,0100,Whse_C,2016,3,12,2016-03-25,14000.0
6424,0100,Whse_C,2016,5,19,2016-05-10,5000.0
6425,0100,Whse_C,2016,5,21,2016-05-24,2000.0
6426,0100,Whse_C,2016,7,28,2016-07-14,10000.0
6427,0100,Whse_C,2016,7,29,2016-07-19,2000.0
6428,0100,Whse_C,2016,7,29,2016-07-22,1000.0
6429,0100,Whse_C,2016,7,30,2016-07-25,5000.0
6430,0100,Whse_C,2016,8,32,2016-08-10,1000.0
6431,0100,Whse_C,2016,8,34,2016-08-23,1000.0
6432,0100,Whse_C,2016,10,41,2016-10-13,10000.0
6433,0100,Whse_C,2016,11,45,2016-11-09,10000.0
6434,0100,Whse_C,2016,11,46,2016-11-15,20000.0
6435,0100,Whse_C,2016,11,46,2016-11-16,10000.0
6436,0100,Whse_C,2016,12,49,2016-12-05,6600.0
6437,0116,Whse_C,2012,2,7,2012-02-17,120.0
6438,0116,Whse_C,2012,2,8,2012-02-21,48.0
6439,0116,Whse_C,2012,5,20,2012-05-18,120.0
6440,0116,Whse_C,2012,8,34,2012-08-20,6.0
6441,0116,Whse_C,2012,10,42,2012-10-18,6.0
6442,0116,Whse_C,2012,11,45,2012-11-05,1080.0
6443,0116,Whse_C,2012,12,49,2012-12-06,120.0
6444,0116,Whse_C,2012,12,50,2012-12-10,840.0
6445,0116,Whse_C,2013,2,5,2013-02-01,240.0
6446,0116,Whse_C,2013,3,12,2013-03-20,120.0
6447,0116,Whse_C,2013,4,15,2013-04-10,360.0
6448,0116,Whse_C,2013,4,16,2013-04-18,120.0
6449,0116,Whse_C,2013,5,22,2013-05-29,480.0
6450,0116,Whse_C,2013,7,27,2013-07-01,12.0
6451,0116,Whse_C,2013,7,28,2013-07-09,120.0
6452,0116,Whse_C,2013,7,29,2013-07-15,240.0
6453,0116,Whse_C,2013,7,30,2013-07-26,12.0
6454,0116,Whse_C,2013,8,31,2013-08-02,120.0
6455,0116,Whse_C,2013,8,34,2013-08-19,120.0
6456,0116,Whse_C,2013,9,37,2013-09-12,480.0
6457,0116,Whse_C,2013,9,39,2013-09-27,120.0
6458,0116,Whse_C,2013,10,41,2013-10-11,120.0
6459,0116,Whse_C,2013,10,43,2013-10-23,120.0
6460,0116,Whse_C,2013,10,44,2013-10-31,36.0
6461,0116,Whse_C,2013,11,45,2013-11-05,120.0
6462,0116,Whse_C,2013,11,46,2013-11-15,300.0
6463,0116,Whse_C,2013,11,48,2013-11-25,72.0
6465,0116,Whse_C,2013,12,50,2013-12-11,120.0
6466,0116,Whse_C,2013,12,51,2013-12-17,120.0
6464,0116,Whse_C,2013,12,1,2013-12-30,144.0
6467,0116,Whse_C,2014,1,2,2014-01-06,72.0
6468,0116,Whse_C,2014,2,8,2014-02-17,72.0
6469,0116,Whse_C,2014,3,10,2014-03-07,144.0
6470,0116,Whse_C,2014,3,13,2014-03-24,120.0
6471,0116,Whse_C,2014,4,16,2014-04-16,120.0
6472,0116,Whse_C,2014,5,19,2014-05-05,120.0
6473,0116,Whse_C,2014,5,20,2014-05-12,42.0
6474,0116,Whse_C,2014,7,28,2014-07-07,72.0
6475,0116,Whse_C,2014,7,30,2014-07-23,6.0
6476,0116,Whse_C,2014,8,32,2014-08-04,120.0
6477,0116,Whse_C,2014,8,32,2014-08-08,42.0
6478,0116,Whse_C,2014,8,35,2014-08-29,18.0
6479,0116,Whse_C,2014,9,36,2014-09-01,270.0
6480,0116,Whse_C,2014,9,36,2014-09-04,30.0
6481,0116,Whse_C,2014,9,37,2014-09-09,762.0
6482,0116,Whse_C,2014,10,43,2014-10-22,42.0
6483,0116,Whse_C,2014,11,45,2014-11-07,240.0
6484,0116,Whse_C,2014,11,47,2014-11-20,120.0
6485,0116,Whse_C,2014,12,51,2014-12-15,120.0
6486,0116,Whse_C,2015,1,4,2015-01-23,36.0
6487,0116,Whse_C,2015,3,13,2015-03-25,36.0
6488,0116,Whse_C,2015,5,20,2015-05-15,36.0
6489,0116,Whse_C,2015,5,22,2015-05-28,90.0
6490,0116,Whse_C,2015,7,27,2015-07-02,126.0
6491,0116,Whse_C,2015,8,32,2015-08-03,18.0
6492,0116,Whse_C,2015,8,32,2015-08-04,36.0
6493,0116,Whse_C,2015,8,34,2015-08-19,120.0
6494,0116,Whse_C,2015,9,36,2015-09-01,12.0
6495,0116,Whse_C,2015,10,43,2015-10-19,24.0
6496,0116,Whse_C,2015,10,43,2015-10-20,12.0
6497,0116,Whse_C,2015,11,47,2015-11-19,66.0
6498,0116,Whse_C,2015,11,47,2015-11-20,54.0
6499,0116,Whse_C,2015,11,48,2015-11-29,60.0
6500,0116,Whse_C,2015,12,50,2015-12-09,120.0
6501,0116,Whse_C,2016,1,2,2016-01-15,36.0
6502,0116,Whse_C,2016,1,4,2016-01-25,36.0
6503,0116,Whse_C,2016,3,9,2016-03-02,120.0
6504,0116,Whse_C,2016,3,12,2016-03-25,120.0
6505,0116,Whse_C,2016,4,14,2016-04-04,96.0
6506,0116,Whse_C,2016,5,18,2016-05-03,18.0
6507,0116,Whse_C,2016,5,20,2016-05-20,120.0
6508,0116,Whse_C,2016,5,21,2016-05-25,42.0
6509,0116,Whse_C,2016,6,22,2016-06-01,60.0
6510,0116,Whse_C,2016,6,22,2016-06-02,36.0
6511,0116,Whse_C,2016,8,34,2016-08-23,120.0
6512,0116,Whse_C,2016,8,35,2016-08-31,24.0
6513,0116,Whse_C,2016,9,35,2016-09-01,24.0
6514,0116,Whse_C,2016,9,37,2016-09-13,24.0
6515,0116,Whse_C,2016,9,39,2016-09-27,30.0
6516,0116,Whse_C,2016,9,39,2016-09-28,48.0
6517,0116,Whse_C,2016,10,41,2016-10-10,126.0
6518,0116,Whse_C,2016,10,42,2016-10-19,48.0
6519,0116,Whse_C,2016,11,45,2016-11-09,72.0
6520,0116,Whse_C,2016,11,46,2016-11-15,48.0
6521,0116,Whse_C,2016,12,49,2016-12-07,216.0
6522,0116,Whse_C,2016,12,49,2016-12-09,24.0
